loan_id,checking_status,duration_months,credit_history,purpose,credit_amount,savings,employment_since,installment_rate,personal_status,other_debtors,residence_since,property,age,other_installment_plans,housing,existing_credits,job,dependents,telephone,foreign_worker,default
1,negative,6,critical account,radio tv,1169,unknown,7 plus years,4,male single,none,4,real estate,67,none,own,2,skilled,1,yes,yes,0
2,0 to 200,48,existing paid duly,radio tv,5951,under 100,1 to 4 years,2,female divorced or married,none,2,real estate,22,none,own,1,skilled,1,none,yes,1
3,none,12,critical account,education,2096,under 100,4 to 7 years,2,male single,none,3,real estate,49,none,own,1,unskilled resident,2,none,yes,0
4,negative,42,existing paid duly,furniture,7882,under 100,4 to 7 years,2,male single,guarantor,4,savings or insurance,45,none,free,1,skilled,2,none,yes,0
5,negative,24,past delays,car new,4870,under 100,1 to 4 years,3,male single,none,4,none,53,none,free,2,skilled,2,none,yes,1
6,none,36,existing paid duly,education,9055,unknown,1 to 4 years,2,male single,none,4,none,35,none,free,1,unskilled resident,2,yes,yes,0
7,none,24,existing paid duly,furniture,2835,500 to 1000,7 plus years,3,male single,none,4,savings or insurance,53,none,own,1,skilled,1,none,yes,0
8,0 to 200,36,existing paid duly,car used,6948,under 100,1 to 4 years,2,male single,none,2,car or other,35,none,rent,1,management or self-employed,1,yes,yes,0
9,none,12,existing paid duly,radio tv,3059,1000 plus,4 to 7 years,2,male divorced,none,4,real estate,61,none,own,1,unskilled resident,1,none,yes,0
10,0 to 200,30,critical account,car new,5234,under 100,unemployed,4,male married or widowed,none,2,car or other,28,none,own,2,management or self-employed,1,none,yes,1
11,0 to 200,12,existing paid duly,car new,1295,under 100,under 1 year,3,female divorced or married,none,1,car or other,25,none,rent,1,skilled,1,none,yes,1
12,negative,48,existing paid duly,business,4308,under 100,under 1 year,3,female divorced or married,none,4,savings or insurance,24,none,rent,1,skilled,1,none,yes,1
13,0 to 200,12,existing paid duly,radio tv,1567,under 100,1 to 4 years,1,female divorced or married,none,1,car or other,22,none,own,1,skilled,1,yes,yes,0
14,negative,24,critical account,car new,1199,under 100,7 plus years,4,male single,none,4,car or other,60,none,own,2,unskilled resident,1,none,yes,1
15,negative,15,existing paid duly,car new,1403,under 100,1 to 4 years,2,female divorced or married,none,4,car or other,28,none,rent,1,skilled,1,none,yes,0
16,negative,24,existing paid duly,radio tv,1282,100 to 500,1 to 4 years,4,female divorced or married,none,2,car or other,32,none,own,1,unskilled resident,1,none,yes,1
17,none,24,critical account,radio tv,2424,unknown,7 plus years,4,male single,none,4,savings or insurance,53,none,own,2,skilled,1,none,yes,0
18,negative,30,no credits taken,business,8072,unknown,under 1 year,2,male single,none,3,car or other,25,bank,own,3,skilled,1,none,yes,0
19,0 to 200,24,existing paid duly,car used,12579,under 100,7 plus years,4,female divorced or married,none,2,none,44,none,free,1,management or self-employed,1,yes,yes,1
20,none,24,existing paid duly,radio tv,3430,500 to 1000,7 plus years,3,male single,none,2,car or other,31,none,own,1,skilled,2,yes,yes,0
21,none,9,critical account,car new,2134,under 100,1 to 4 years,4,male single,none,4,car or other,48,none,own,3,skilled,1,yes,yes,0
22,negative,6,existing paid duly,radio tv,2647,500 to 1000,1 to 4 years,2,male single,none,3,real estate,44,none,rent,1,skilled,2,none,yes,0
23,negative,10,critical account,car new,2241,under 100,under 1 year,1,male single,none,3,real estate,48,none,rent,2,unskilled resident,2,none,no,0
24,0 to 200,12,critical account,car used,1804,100 to 500,under 1 year,3,male single,none,4,savings or insurance,44,none,own,1,skilled,1,none,yes,0
25,none,10,critical account,furniture,2069,unknown,1 to 4 years,2,male married or widowed,none,1,car or other,26,none,own,2,skilled,1,none,no,0
26,negative,6,existing paid duly,furniture,1374,under 100,1 to 4 years,1,male single,none,2,real estate,36,bank,own,1,unskilled resident,1,yes,yes,0
27,none,6,no credits taken,radio tv,426,under 100,7 plus years,4,male married or widowed,none,4,car or other,39,none,own,1,unskilled resident,1,none,yes,0
28,200 plus,12,all paid at this bank,radio tv,409,1000 plus,1 to 4 years,3,female divorced or married,none,3,real estate,42,none,rent,2,skilled,1,none,yes,0
29,0 to 200,7,existing paid duly,radio tv,2415,under 100,1 to 4 years,3,male single,guarantor,2,real estate,34,none,own,1,skilled,1,none,yes,0
30,negative,60,past delays,business,6836,under 100,7 plus years,3,male single,none,4,none,63,none,own,2,skilled,1,yes,yes,1
31,0 to 200,18,existing paid duly,business,1913,1000 plus,under 1 year,3,male married or widowed,none,3,real estate,36,bank,own,1,skilled,1,yes,yes,0
32,negative,24,existing paid duly,furniture,4020,under 100,1 to 4 years,2,male single,none,2,car or other,27,stores,own,1,skilled,1,none,yes,0
33,0 to 200,18,existing paid duly,car new,5866,100 to 500,1 to 4 years,2,male single,none,2,car or other,30,none,own,2,skilled,1,yes,yes,0
34,none,12,critical account,business,1264,unknown,7 plus years,4,male single,none,4,none,57,none,rent,1,unskilled resident,1,none,yes,0
35,200 plus,12,existing paid duly,furniture,1474,under 100,under 1 year,4,female divorced or married,none,1,savings or insurance,33,bank,own,1,management or self-employed,1,yes,yes,0
36,0 to 200,45,critical account,radio tv,4746,under 100,under 1 year,4,male single,none,2,savings or insurance,25,none,own,2,unskilled resident,1,none,yes,1
37,none,48,critical account,education,6110,under 100,1 to 4 years,1,male single,none,3,none,31,bank,free,1,skilled,1,yes,yes,0
38,200 plus,18,existing paid duly,radio tv,2100,under 100,1 to 4 years,4,male single,co-applicant,2,real estate,37,stores,own,1,skilled,1,none,yes,1
39,200 plus,10,existing paid duly,appliances,1225,under 100,1 to 4 years,2,male single,none,2,car or other,37,none,own,1,skilled,1,yes,yes,0
40,0 to 200,9,existing paid duly,radio tv,458,under 100,1 to 4 years,4,male single,none,3,real estate,24,none,own,1,skilled,1,none,yes,0
41,none,30,existing paid duly,radio tv,2333,500 to 1000,7 plus years,4,male single,none,2,car or other,30,bank,own,1,management or self-employed,1,none,yes,0
42,0 to 200,12,existing paid duly,radio tv,1158,500 to 1000,1 to 4 years,3,male divorced,none,1,car or other,26,none,own,1,skilled,1,yes,yes,0
43,0 to 200,18,past delays,repairs,6204,under 100,1 to 4 years,2,male single,none,4,real estate,44,none,own,1,unskilled resident,2,yes,yes,0
44,negative,30,critical account,car used,6187,100 to 500,4 to 7 years,1,male married or widowed,none,4,car or other,24,none,rent,2,skilled,1,none,yes,0
45,negative,48,critical account,car used,6143,under 100,7 plus years,4,female divorced or married,none,4,none,58,stores,free,2,unskilled resident,1,none,yes,1
46,none,11,critical account,car new,1393,under 100,under 1 year,4,female divorced or married,none,4,car or other,35,none,own,2,management or self-employed,1,none,yes,0
47,none,36,existing paid duly,radio tv,2299,500 to 1000,7 plus years,4,male single,none,4,car or other,39,none,own,1,skilled,1,none,yes,0
48,negative,6,existing paid duly,car used,1352,500 to 1000,unemployed,1,female divorced or married,none,2,savings or insurance,23,none,rent,1,unskilled non-resident,1,yes,yes,0
49,none,11,critical account,car new,7228,under 100,1 to 4 years,1,male single,none,4,savings or insurance,39,none,own,2,unskilled resident,1,none,yes,0
50,none,12,existing paid duly,radio tv,2073,100 to 500,1 to 4 years,4,female divorced or married,co-applicant,2,real estate,28,none,own,1,skilled,1,none,yes,0
51,0 to 200,24,past delays,furniture,2333,unknown,under 1 year,4,male single,none,2,savings or insurance,29,bank,own,1,unskilled resident,1,none,yes,0
52,0 to 200,27,past delays,car used,5965,under 100,7 plus years,1,male single,none,2,car or other,30,none,own,2,management or self-employed,1,yes,yes,0
53,none,12,existing paid duly,radio tv,1262,under 100,1 to 4 years,3,male single,none,2,car or other,25,none,own,1,skilled,1,none,yes,0
54,none,18,existing paid duly,car used,3378,unknown,1 to 4 years,2,male single,none,1,savings or insurance,31,none,own,1,skilled,1,yes,yes,0
55,0 to 200,36,past delays,car new,2225,under 100,7 plus years,4,male single,none,4,none,57,bank,free,2,skilled,1,yes,yes,1
56,none,6,all paid at this bank,car new,783,unknown,1 to 4 years,1,male single,guarantor,2,real estate,26,stores,own,1,unskilled resident,2,none,yes,0
57,0 to 200,12,existing paid duly,radio tv,6468,unknown,unemployed,2,male single,none,1,none,52,none,own,1,management or self-employed,1,yes,yes,1
58,none,36,critical account,radio tv,9566,under 100,1 to 4 years,2,female divorced or married,none,2,car or other,31,stores,own,2,skilled,1,none,yes,0
59,200 plus,18,existing paid duly,car new,1961,under 100,7 plus years,3,female divorced or married,none,2,car or other,23,none,own,1,management or self-employed,1,none,yes,0
60,negative,36,critical account,furniture,6229,under 100,under 1 year,4,female divorced or married,co-applicant,4,none,23,none,rent,2,unskilled resident,1,yes,yes,1
61,0 to 200,9,existing paid duly,business,1391,under 100,1 to 4 years,2,male married or widowed,none,1,real estate,27,bank,own,1,skilled,1,yes,yes,0
62,0 to 200,15,critical account,radio tv,1537,unknown,7 plus years,4,male single,guarantor,4,real estate,50,none,own,2,skilled,1,yes,yes,0
63,0 to 200,36,no credits taken,business,1953,under 100,7 plus years,4,male single,none,4,none,61,none,free,1,management or self-employed,1,yes,yes,1
64,0 to 200,48,no credits taken,business,14421,under 100,1 to 4 years,2,male single,none,2,car or other,25,none,own,1,skilled,1,yes,yes,1
65,none,24,existing paid duly,radio tv,3181,under 100,under 1 year,4,female divorced or married,none,4,savings or insurance,26,none,own,1,skilled,1,yes,yes,0
66,none,27,existing paid duly,repairs,5190,unknown,7 plus years,4,male single,none,4,savings or insurance,48,none,own,4,skilled,2,yes,yes,0
67,none,12,existing paid duly,radio tv,2171,under 100,under 1 year,2,female divorced or married,none,2,car or other,29,bank,own,1,skilled,1,none,yes,0
68,0 to 200,12,existing paid duly,car new,1007,1000 plus,1 to 4 years,4,male married or widowed,none,1,real estate,22,none,own,1,skilled,1,none,yes,0
69,none,36,existing paid duly,education,1819,under 100,1 to 4 years,4,male single,none,4,none,37,stores,free,1,skilled,1,yes,yes,1
70,none,36,existing paid duly,radio tv,2394,unknown,1 to 4 years,4,female divorced or married,none,4,car or other,25,none,own,1,skilled,1,none,yes,0
71,none,36,existing paid duly,car used,8133,under 100,1 to 4 years,1,female divorced or married,none,2,savings or insurance,30,bank,own,1,skilled,1,none,yes,0
72,none,7,critical account,radio tv,730,unknown,7 plus years,4,male single,none,2,savings or insurance,46,none,rent,2,unskilled resident,1,yes,yes,0
73,negative,8,critical account,other,1164,under 100,7 plus years,3,male single,none,4,none,51,bank,free,2,management or self-employed,2,yes,yes,0
74,0 to 200,42,critical account,business,5954,under 100,4 to 7 years,2,female divorced or married,none,1,real estate,41,bank,own,2,unskilled resident,1,none,yes,0
75,negative,36,existing paid duly,education,1977,unknown,7 plus years,4,male single,none,4,none,40,none,own,1,management or self-employed,1,yes,yes,1
76,negative,12,critical account,car used,1526,under 100,7 plus years,4,male single,none,4,none,66,none,free,2,management or self-employed,1,none,yes,0
77,negative,42,existing paid duly,radio tv,3965,under 100,under 1 year,4,male single,none,3,car or other,34,none,own,1,skilled,1,none,yes,1
78,0 to 200,11,past delays,radio tv,4771,under 100,4 to 7 years,2,male single,none,4,savings or insurance,51,none,own,1,skilled,1,none,yes,0
79,none,54,no credits taken,car used,9436,unknown,1 to 4 years,2,male single,none,2,savings or insurance,39,none,own,1,unskilled resident,2,none,yes,0
80,0 to 200,30,existing paid duly,furniture,3832,under 100,under 1 year,2,male married or widowed,none,1,savings or insurance,22,none,own,1,skilled,1,none,yes,0
81,none,24,existing paid duly,radio tv,5943,unknown,under 1 year,1,female divorced or married,none,1,car or other,44,none,own,2,skilled,1,yes,yes,1
82,none,15,existing paid duly,radio tv,1213,500 to 1000,7 plus years,4,male single,none,3,savings or insurance,47,stores,own,1,skilled,1,yes,yes,0
83,none,18,existing paid duly,business,1568,100 to 500,1 to 4 years,3,female divorced or married,none,4,savings or insurance,24,none,rent,1,unskilled resident,1,none,yes,0
84,negative,24,existing paid duly,other,1755,under 100,7 plus years,4,female divorced or married,guarantor,4,real estate,58,none,own,1,unskilled resident,1,yes,yes,0
85,negative,10,existing paid duly,radio tv,2315,under 100,7 plus years,3,male single,none,4,real estate,52,none,own,1,unskilled resident,1,none,yes,0
86,none,12,critical account,business,1412,under 100,1 to 4 years,4,female divorced or married,guarantor,2,real estate,29,none,own,2,management or self-employed,1,yes,yes,0
87,0 to 200,18,critical account,furniture,1295,under 100,under 1 year,4,female divorced or married,none,1,savings or insurance,27,none,own,2,skilled,1,none,yes,0
88,0 to 200,36,existing paid duly,education,12612,100 to 500,1 to 4 years,1,male single,none,4,none,47,none,free,1,skilled,2,yes,yes,1
89,negative,18,existing paid duly,car new,2249,100 to 500,4 to 7 years,4,male single,none,3,car or other,30,none,own,1,management or self-employed,2,yes,yes,0
90,negative,12,no credits taken,repairs,1108,under 100,4 to 7 years,4,male single,none,3,real estate,28,none,own,2,skilled,1,none,yes,1
91,none,12,critical account,radio tv,618,under 100,7 plus years,4,male single,none,4,real estate,56,none,own,1,skilled,1,none,yes,0
92,negative,12,critical account,car used,1409,under 100,7 plus years,4,male single,none,3,real estate,54,none,own,1,skilled,1,none,yes,0
93,none,12,critical account,radio tv,797,unknown,7 plus years,4,female divorced or married,none,3,savings or insurance,33,bank,own,1,unskilled resident,2,none,yes,1
94,200 plus,24,critical account,furniture,3617,unknown,7 plus years,4,male single,co-applicant,4,none,20,none,rent,2,skilled,1,none,yes,0
95,0 to 200,12,existing paid duly,car new,1318,1000 plus,7 plus years,4,male single,none,4,real estate,54,none,own,1,skilled,1,yes,yes,0
96,0 to 200,54,no credits taken,business,15945,under 100,under 1 year,3,male single,none,4,none,58,none,rent,1,skilled,1,yes,yes,1
97,none,12,critical account,education,2012,unknown,4 to 7 years,4,female divorced or married,none,2,car or other,61,none,own,1,skilled,1,none,yes,0
98,0 to 200,18,existing paid duly,business,2622,100 to 500,1 to 4 years,4,male single,none,4,car or other,34,none,own,1,skilled,1,none,yes,0
99,0 to 200,36,critical account,radio tv,2337,under 100,7 plus years,4,male single,none,4,real estate,36,none,own,1,skilled,1,none,yes,0
100,0 to 200,20,past delays,car used,7057,unknown,4 to 7 years,3,male single,none,4,savings or insurance,36,bank,rent,2,management or self-employed,2,yes,yes,0
101,none,24,existing paid duly,car new,1469,100 to 500,7 plus years,4,male married or widowed,none,4,real estate,41,none,rent,1,unskilled resident,1,none,yes,0
102,0 to 200,36,existing paid duly,radio tv,2323,under 100,4 to 7 years,4,male single,none,4,car or other,24,none,rent,1,skilled,1,none,yes,0
103,none,6,past delays,radio tv,932,under 100,1 to 4 years,3,female divorced or married,none,2,real estate,24,none,own,1,skilled,1,none,yes,0
104,0 to 200,9,critical account,furniture,1919,under 100,4 to 7 years,4,male single,none,3,car or other,35,none,rent,1,skilled,1,yes,yes,0
105,none,12,existing paid duly,car used,2445,unknown,under 1 year,2,male married or widowed,none,4,car or other,26,none,rent,1,skilled,1,yes,yes,0
106,0 to 200,24,critical account,other,11938,under 100,1 to 4 years,2,male single,co-applicant,3,car or other,39,none,own,2,management or self-employed,2,yes,yes,1
107,none,18,all paid at this bank,car new,6458,under 100,7 plus years,2,male single,none,4,none,39,bank,own,2,management or self-employed,2,yes,yes,1
108,0 to 200,12,existing paid duly,car new,6078,under 100,4 to 7 years,2,male single,none,2,car or other,32,none,own,1,skilled,1,none,yes,0
109,negative,24,existing paid duly,furniture,7721,unknown,under 1 year,1,female divorced or married,none,2,savings or insurance,30,none,own,1,skilled,1,yes,no,0
110,0 to 200,14,existing paid duly,business,1410,500 to 1000,7 plus years,1,male married or widowed,none,2,real estate,35,none,own,1,skilled,1,yes,yes,0
111,0 to 200,6,past delays,business,1449,100 to 500,7 plus years,1,male divorced,none,2,car or other,31,bank,own,2,skilled,2,none,yes,0
112,200 plus,15,existing paid duly,education,392,under 100,under 1 year,4,female divorced or married,none,4,savings or insurance,23,none,rent,1,skilled,1,yes,yes,0
113,0 to 200,18,existing paid duly,car new,6260,under 100,4 to 7 years,3,male single,none,3,real estate,28,none,rent,1,unskilled resident,1,none,yes,0
114,none,36,critical account,car new,7855,under 100,1 to 4 years,4,female divorced or married,none,2,real estate,25,stores,own,2,skilled,1,yes,yes,1
115,negative,12,existing paid duly,radio tv,1680,500 to 1000,7 plus years,3,male married or widowed,none,1,real estate,35,none,own,1,skilled,1,none,yes,0
116,none,48,critical account,radio tv,3578,unknown,7 plus years,4,male single,none,1,real estate,47,none,own,1,skilled,1,yes,yes,0
117,negative,42,existing paid duly,radio tv,7174,unknown,4 to 7 years,4,female divorced or married,none,3,car or other,30,none,own,1,management or self-employed,1,yes,yes,1
118,negative,10,critical account,furniture,2132,unknown,under 1 year,2,female divorced or married,co-applicant,3,real estate,27,none,rent,2,skilled,1,none,no,0
119,negative,33,critical account,furniture,4281,500 to 1000,1 to 4 years,1,female divorced or married,none,4,car or other,23,none,own,2,skilled,1,none,yes,1
120,0 to 200,12,critical account,car new,2366,500 to 1000,4 to 7 years,3,male divorced,none,3,car or other,36,none,own,1,management or self-employed,1,yes,yes,0
121,negative,21,existing paid duly,radio tv,1835,under 100,1 to 4 years,3,female divorced or married,none,2,real estate,25,none,own,2,skilled,1,yes,yes,1
122,none,24,critical account,car used,3868,under 100,7 plus years,4,female divorced or married,none,2,car or other,41,none,rent,2,management or self-employed,1,yes,yes,0
123,none,12,existing paid duly,furniture,1768,under 100,1 to 4 years,3,male single,none,2,real estate,24,none,rent,1,unskilled resident,1,none,yes,0
124,200 plus,10,critical account,car new,781,under 100,7 plus years,4,male single,none,4,none,63,none,free,2,skilled,1,yes,yes,0
125,0 to 200,18,existing paid duly,furniture,1924,unknown,under 1 year,4,female divorced or married,none,3,real estate,27,none,rent,1,skilled,1,none,yes,1
126,negative,12,critical account,car new,2121,under 100,1 to 4 years,4,male single,none,2,savings or insurance,30,none,own,2,skilled,1,none,yes,0
127,negative,12,existing paid duly,radio tv,701,under 100,1 to 4 years,4,male married or widowed,none,2,real estate,40,none,own,1,unskilled resident,1,none,yes,0
128,0 to 200,12,existing paid duly,repairs,639,under 100,1 to 4 years,4,male single,none,2,car or other,30,none,own,1,skilled,1,none,yes,1
129,0 to 200,12,critical account,car used,1860,under 100,unemployed,4,male single,none,2,car or other,34,none,own,2,management or self-employed,1,yes,yes,0
130,negative,12,critical account,car new,3499,under 100,1 to 4 years,3,female divorced or married,co-applicant,2,real estate,29,none,own,2,skilled,1,none,yes,1
131,0 to 200,48,existing paid duly,car new,8487,unknown,4 to 7 years,1,female divorced or married,none,2,car or other,24,none,own,1,skilled,1,none,yes,0
132,negative,36,past delays,education,6887,under 100,1 to 4 years,4,male single,none,3,savings or insurance,29,stores,own,1,skilled,1,yes,yes,1
133,none,15,existing paid duly,furniture,2708,under 100,under 1 year,2,male single,none,3,savings or insurance,27,bank,own,2,unskilled resident,1,none,yes,0
134,none,18,existing paid duly,furniture,1984,under 100,1 to 4 years,4,male single,none,4,none,47,bank,free,2,skilled,1,none,yes,0
135,none,60,existing paid duly,radio tv,10144,100 to 500,4 to 7 years,2,female divorced or married,none,4,real estate,21,none,own,1,skilled,1,yes,yes,0
136,none,12,critical account,radio tv,1240,unknown,7 plus years,4,female divorced or married,none,2,real estate,38,none,own,2,skilled,1,yes,yes,0
137,none,27,past delays,car used,8613,1000 plus,1 to 4 years,2,male single,none,2,car or other,27,none,own,2,skilled,1,none,yes,0
138,0 to 200,12,existing paid duly,radio tv,766,500 to 1000,1 to 4 years,4,male single,none,3,real estate,66,none,own,1,unskilled resident,1,none,yes,1
139,0 to 200,15,critical account,radio tv,2728,unknown,4 to 7 years,4,male single,guarantor,2,real estate,35,bank,own,3,skilled,1,yes,yes,0
140,200 plus,12,existing paid duly,radio tv,1881,under 100,1 to 4 years,2,female divorced or married,none,2,car or other,44,none,rent,1,unskilled resident,1,yes,yes,0
141,200 plus,6,existing paid duly,car new,709,1000 plus,under 1 year,2,male married or widowed,none,2,real estate,27,none,own,1,unskilled non-resident,1,none,no,0
142,0 to 200,36,existing paid duly,radio tv,4795,under 100,under 1 year,4,female divorced or married,none,1,none,30,none,own,1,management or self-employed,1,yes,yes,0
143,negative,27,existing paid duly,radio tv,3416,under 100,1 to 4 years,3,male single,none,2,car or other,27,none,own,1,management or self-employed,1,none,yes,0
144,negative,18,existing paid duly,furniture,2462,under 100,1 to 4 years,2,male single,none,2,car or other,22,none,own,1,skilled,1,none,yes,1
145,none,21,critical account,furniture,2288,under 100,under 1 year,4,female divorced or married,none,4,savings or insurance,23,none,own,1,skilled,1,yes,yes,0
146,0 to 200,48,all paid at this bank,business,3566,100 to 500,4 to 7 years,4,male single,none,2,car or other,30,none,own,1,skilled,1,none,yes,0
147,negative,6,critical account,car new,860,under 100,7 plus years,1,female divorced or married,none,4,none,39,none,own,2,skilled,1,yes,yes,0
148,none,12,critical account,car new,682,100 to 500,4 to 7 years,4,female divorced or married,none,3,car or other,51,none,own,2,skilled,1,yes,yes,0
149,negative,36,critical account,furniture,5371,under 100,1 to 4 years,3,male single,guarantor,2,savings or insurance,28,none,own,2,skilled,1,none,yes,0
150,none,18,critical account,radio tv,1582,1000 plus,7 plus years,4,male single,none,4,car or other,46,none,own,2,skilled,1,none,yes,0
151,none,6,existing paid duly,radio tv,1346,100 to 500,7 plus years,2,male single,none,4,none,42,bank,free,1,skilled,2,yes,yes,0
152,none,10,existing paid duly,radio tv,1924,under 100,1 to 4 years,1,male single,none,4,savings or insurance,38,none,own,1,skilled,1,yes,no,0
153,200 plus,36,existing paid duly,radio tv,5848,under 100,1 to 4 years,4,male single,none,1,car or other,24,none,own,1,skilled,1,none,yes,0
154,0 to 200,24,critical account,car used,7758,1000 plus,7 plus years,2,female divorced or married,none,4,none,29,none,rent,1,skilled,1,none,yes,0
155,0 to 200,24,past delays,business,6967,100 to 500,4 to 7 years,4,male single,none,4,car or other,36,none,rent,1,management or self-employed,1,yes,yes,0
156,negative,12,existing paid duly,furniture,1282,under 100,1 to 4 years,2,female divorced or married,none,4,car or other,20,none,rent,1,skilled,1,none,yes,1
157,negative,9,critical account,repairs,1288,100 to 500,7 plus years,3,male single,guarantor,4,real estate,48,none,own,2,skilled,2,none,no,0
158,negative,12,all paid at this bank,retraining,339,under 100,7 plus years,4,male married or widowed,none,1,car or other,45,bank,own,1,unskilled resident,1,none,yes,0
159,0 to 200,24,existing paid duly,car new,3512,100 to 500,4 to 7 years,2,male single,none,3,car or other,38,bank,own,2,skilled,1,yes,yes,0
160,none,6,critical account,radio tv,1898,unknown,1 to 4 years,1,male single,none,2,real estate,34,none,own,2,unskilled resident,2,none,yes,0
161,none,24,critical account,radio tv,2872,100 to 500,7 plus years,3,male single,none,4,real estate,36,none,own,1,skilled,2,yes,yes,0
162,none,18,critical account,car new,1055,under 100,under 1 year,4,female divorced or married,none,1,savings or insurance,30,none,own,2,skilled,1,none,yes,0
163,none,15,existing paid duly,appliances,1262,500 to 1000,4 to 7 years,4,male single,none,3,savings or insurance,36,none,own,2,skilled,1,yes,yes,0
164,0 to 200,10,existing paid duly,car new,7308,under 100,unemployed,2,male single,none,4,none,70,bank,free,1,management or self-employed,1,yes,yes,0
165,none,36,existing paid duly,car new,909,500 to 1000,7 plus years,4,male single,none,4,savings or insurance,36,none,own,1,skilled,1,none,yes,0
166,none,6,existing paid duly,furniture,2978,500 to 1000,1 to 4 years,1,male single,none,2,car or other,32,none,own,1,skilled,1,yes,yes,0
167,negative,18,existing paid duly,furniture,1131,under 100,unemployed,4,female divorced or married,none,2,car or other,33,none,own,1,skilled,1,none,yes,1
168,0 to 200,11,existing paid duly,furniture,1577,1000 plus,under 1 year,4,female divorced or married,none,1,real estate,20,none,own,1,skilled,1,none,yes,0
169,none,24,existing paid duly,furniture,3972,under 100,4 to 7 years,2,female divorced or married,none,4,savings or insurance,25,none,rent,1,skilled,1,yes,yes,0
170,0 to 200,24,critical account,business,1935,under 100,7 plus years,4,male divorced,none,4,real estate,31,none,own,2,skilled,1,yes,yes,1
171,negative,15,no credits taken,car new,950,under 100,7 plus years,4,male single,none,3,car or other,33,none,rent,2,skilled,2,none,yes,1
172,none,12,existing paid duly,furniture,763,under 100,1 to 4 years,4,female divorced or married,none,1,real estate,26,none,own,1,skilled,1,yes,yes,0
173,0 to 200,24,past delays,furniture,2064,under 100,unemployed,3,female divorced or married,none,2,savings or insurance,34,none,own,1,management or self-employed,1,yes,yes,1
174,0 to 200,8,existing paid duly,radio tv,1414,under 100,1 to 4 years,4,male single,guarantor,2,real estate,33,none,own,1,skilled,1,none,no,0
175,negative,21,past delays,education,3414,under 100,under 1 year,2,male single,none,1,savings or insurance,26,none,own,2,skilled,1,none,yes,1
176,none,30,all paid at this bank,car used,7485,unknown,unemployed,4,female divorced or married,none,1,real estate,53,bank,own,1,management or self-employed,1,yes,yes,1
177,negative,12,existing paid duly,furniture,2577,under 100,1 to 4 years,2,male divorced,none,1,car or other,42,none,own,1,skilled,1,none,yes,0
178,negative,6,critical account,radio tv,338,500 to 1000,7 plus years,4,male single,none,4,car or other,52,none,own,2,skilled,1,none,yes,0
179,none,12,existing paid duly,radio tv,1963,under 100,4 to 7 years,4,male single,none,2,car or other,31,none,rent,2,management or self-employed,2,yes,yes,0
180,negative,21,critical account,car new,571,under 100,7 plus years,4,male single,none,4,real estate,65,none,own,2,skilled,1,none,yes,0
181,none,36,past delays,business,9572,under 100,under 1 year,1,male divorced,none,1,car or other,28,none,own,2,skilled,1,none,yes,1
182,0 to 200,36,past delays,business,4455,under 100,1 to 4 years,2,male divorced,none,2,real estate,30,stores,own,2,management or self-employed,1,yes,yes,1
183,negative,21,all paid at this bank,car new,1647,unknown,1 to 4 years,4,male single,none,2,savings or insurance,40,none,own,2,unskilled resident,2,none,yes,1
184,none,24,critical account,furniture,3777,1000 plus,1 to 4 years,4,male single,none,4,real estate,50,none,own,1,skilled,1,yes,yes,0
185,0 to 200,18,critical account,car new,884,under 100,7 plus years,4,male single,none,4,car or other,36,bank,own,1,skilled,2,yes,yes,1
186,none,15,critical account,radio tv,1360,under 100,1 to 4 years,4,male single,none,2,savings or insurance,31,none,own,2,skilled,1,none,yes,0
187,0 to 200,9,all paid at this bank,car used,5129,under 100,7 plus years,2,female divorced or married,none,4,none,74,bank,free,1,management or self-employed,2,yes,yes,1
188,0 to 200,16,critical account,car new,1175,under 100,unemployed,2,male single,none,3,car or other,68,none,free,3,unskilled non-resident,1,yes,yes,0
189,negative,12,existing paid duly,radio tv,674,100 to 500,4 to 7 years,4,male married or widowed,none,1,savings or insurance,20,none,own,1,skilled,1,none,yes,1
190,0 to 200,18,no credits taken,furniture,3244,under 100,1 to 4 years,1,female divorced or married,none,4,car or other,33,bank,own,2,skilled,1,yes,yes,0
191,none,24,existing paid duly,business,4591,1000 plus,1 to 4 years,2,male single,none,3,savings or insurance,54,none,own,3,management or self-employed,1,yes,yes,1
192,0 to 200,48,no credits taken,business,3844,100 to 500,4 to 7 years,4,male single,none,4,none,34,none,free,1,unskilled resident,2,none,yes,1
193,0 to 200,27,existing paid duly,business,3915,under 100,1 to 4 years,4,male single,none,2,car or other,36,none,own,1,skilled,2,yes,yes,1
194,none,6,existing paid duly,radio tv,2108,under 100,4 to 7 years,2,male married or widowed,none,2,real estate,29,none,rent,1,skilled,1,none,yes,0
195,0 to 200,45,existing paid duly,radio tv,3031,100 to 500,1 to 4 years,4,male single,guarantor,4,savings or insurance,21,none,rent,1,skilled,1,none,yes,1
196,0 to 200,9,critical account,education,1501,under 100,7 plus years,2,female divorced or married,none,3,car or other,34,none,own,2,management or self-employed,1,yes,yes,1
197,none,6,critical account,radio tv,1382,under 100,1 to 4 years,1,female divorced or married,none,1,car or other,28,none,own,2,skilled,1,yes,yes,0
198,0 to 200,12,existing paid duly,furniture,951,100 to 500,under 1 year,4,female divorced or married,none,4,car or other,27,bank,rent,4,skilled,1,none,yes,1
199,0 to 200,24,existing paid duly,car used,2760,unknown,7 plus years,4,male single,none,4,none,36,bank,free,1,skilled,1,yes,yes,0
200,0 to 200,18,past delays,furniture,4297,under 100,7 plus years,4,male divorced,none,3,none,40,none,own,1,management or self-employed,1,yes,yes,1
201,none,9,critical account,education,936,500 to 1000,7 plus years,4,male single,none,2,car or other,52,none,own,2,skilled,1,yes,yes,0
202,negative,12,existing paid duly,car new,1168,under 100,1 to 4 years,4,male married or widowed,none,3,real estate,27,none,own,1,unskilled resident,1,none,yes,0
203,none,27,past delays,business,5117,under 100,4 to 7 years,3,male single,none,4,car or other,26,none,own,2,skilled,1,none,yes,0
204,negative,12,existing paid duly,retraining,902,under 100,4 to 7 years,4,male married or widowed,none,4,savings or insurance,21,none,rent,1,skilled,1,none,yes,1
205,none,12,critical account,car new,1495,under 100,7 plus years,4,male single,none,1,real estate,38,none,own,2,unskilled resident,2,none,yes,0
206,negative,30,critical account,car used,10623,under 100,7 plus years,3,male single,none,4,none,38,none,free,3,management or self-employed,2,yes,yes,0
207,none,12,critical account,furniture,1935,under 100,7 plus years,4,male single,none,4,real estate,43,none,own,3,skilled,1,yes,yes,0
208,0 to 200,12,critical account,appliances,1424,under 100,4 to 7 years,4,male single,none,3,savings or insurance,26,none,own,1,skilled,1,none,yes,0
209,negative,24,existing paid duly,business,6568,under 100,1 to 4 years,2,male married or widowed,none,2,car or other,21,stores,own,1,unskilled resident,1,none,yes,0
210,none,12,existing paid duly,car used,1413,1000 plus,4 to 7 years,3,male single,none,2,savings or insurance,55,none,own,1,skilled,1,none,no,0
211,none,9,critical account,radio tv,3074,unknown,1 to 4 years,1,male single,none,2,real estate,33,none,own,2,skilled,2,none,yes,0
212,none,36,existing paid duly,radio tv,3835,unknown,7 plus years,2,female divorced or married,none,4,real estate,45,none,own,1,unskilled resident,1,yes,yes,0
213,negative,27,no credits taken,business,5293,under 100,unemployed,2,male single,none,4,savings or insurance,50,stores,own,2,skilled,1,yes,yes,1
214,200 plus,30,past delays,business,1908,under 100,7 plus years,4,male single,none,4,real estate,66,none,own,1,management or self-employed,1,yes,yes,1
215,none,36,critical account,radio tv,3342,unknown,7 plus years,4,male single,none,2,car or other,51,none,own,1,skilled,1,yes,yes,0
216,0 to 200,6,critical account,retraining,932,unknown,4 to 7 years,1,female divorced or married,none,3,savings or insurance,39,none,own,2,unskilled resident,1,none,yes,0
217,negative,18,no credits taken,business,3104,under 100,4 to 7 years,3,male single,none,1,savings or insurance,31,bank,own,1,skilled,1,yes,yes,0
218,200 plus,36,existing paid duly,radio tv,3913,under 100,1 to 4 years,2,male single,none,2,real estate,23,none,own,1,skilled,1,yes,yes,0
219,negative,24,existing paid duly,furniture,3021,under 100,1 to 4 years,2,male divorced,none,2,real estate,24,none,rent,1,unskilled resident,1,none,yes,0
220,none,10,existing paid duly,car new,1364,under 100,1 to 4 years,2,female divorced or married,none,4,car or other,64,none,own,1,skilled,1,yes,yes,0
221,0 to 200,12,existing paid duly,radio tv,625,under 100,under 1 year,4,male married or widowed,guarantor,1,real estate,26,bank,own,1,unskilled resident,1,none,yes,0
222,negative,12,existing paid duly,education,1200,unknown,1 to 4 years,4,female divorced or married,none,4,savings or insurance,23,bank,rent,1,skilled,1,yes,yes,0
223,none,12,existing paid duly,radio tv,707,under 100,1 to 4 years,4,male single,none,2,real estate,30,bank,own,2,skilled,1,none,yes,0
224,none,24,past delays,business,2978,unknown,1 to 4 years,4,male single,none,4,real estate,32,none,own,2,skilled,2,yes,yes,0
225,none,15,existing paid duly,car used,4657,under 100,1 to 4 years,3,male single,none,2,car or other,30,none,own,1,skilled,1,yes,yes,0
226,none,36,no credits taken,repairs,2613,under 100,1 to 4 years,4,male single,none,2,car or other,27,none,own,2,skilled,1,none,yes,0
227,0 to 200,48,existing paid duly,radio tv,10961,1000 plus,4 to 7 years,1,male single,co-applicant,2,none,27,bank,own,2,skilled,1,yes,yes,1
228,negative,12,existing paid duly,furniture,7865,under 100,7 plus years,4,male single,none,4,none,53,none,free,1,management or self-employed,1,yes,yes,1
229,none,9,existing paid duly,radio tv,1478,under 100,4 to 7 years,4,male single,none,2,car or other,22,none,own,1,skilled,1,none,yes,1
230,negative,24,existing paid duly,furniture,3149,under 100,under 1 year,4,male single,none,1,none,22,bank,free,1,skilled,1,none,yes,0
231,200 plus,36,existing paid duly,radio tv,4210,under 100,1 to 4 years,4,male single,none,2,car or other,26,none,own,1,skilled,1,none,yes,1
232,none,9,existing paid duly,car new,2507,500 to 1000,7 plus years,2,male single,none,4,none,51,none,free,1,unskilled resident,1,none,yes,0
233,none,12,existing paid duly,radio tv,2141,100 to 500,4 to 7 years,3,male single,none,1,none,35,none,own,1,skilled,1,none,yes,0
234,0 to 200,18,existing paid duly,radio tv,866,under 100,1 to 4 years,4,male married or widowed,guarantor,2,real estate,25,none,own,1,unskilled resident,1,none,yes,0
235,none,4,critical account,radio tv,1544,under 100,4 to 7 years,2,male single,none,1,real estate,42,none,own,3,unskilled resident,2,none,yes,0
236,negative,24,existing paid duly,radio tv,1823,under 100,unemployed,4,male single,none,2,car or other,30,stores,own,1,management or self-employed,2,none,yes,1
237,0 to 200,6,existing paid duly,car new,14555,unknown,unemployed,1,male single,none,2,savings or insurance,23,none,own,1,unskilled non-resident,1,yes,yes,1
238,0 to 200,21,existing paid duly,business,2767,100 to 500,7 plus years,4,male divorced,none,2,car or other,61,bank,rent,2,unskilled resident,1,none,yes,1
239,none,12,critical account,radio tv,1291,under 100,1 to 4 years,4,female divorced or married,none,2,savings or insurance,35,none,own,2,skilled,1,none,yes,0
240,negative,30,existing paid duly,radio tv,2522,under 100,7 plus years,1,male single,guarantor,3,savings or insurance,39,none,own,1,skilled,2,none,yes,0
241,negative,24,existing paid duly,car new,915,unknown,7 plus years,4,female divorced or married,none,2,car or other,29,bank,own,1,skilled,1,none,yes,1
242,none,6,existing paid duly,radio tv,1595,under 100,4 to 7 years,3,male single,none,2,savings or insurance,51,none,own,1,skilled,2,none,yes,0
243,negative,48,no credits taken,car used,4605,under 100,7 plus years,3,male single,none,4,none,24,none,free,2,skilled,2,none,yes,1
244,none,12,critical account,business,1185,under 100,1 to 4 years,3,female divorced or married,none,2,real estate,27,none,own,2,skilled,1,none,yes,0
245,none,12,all paid at this bank,retraining,3447,500 to 1000,1 to 4 years,4,female divorced or married,none,3,real estate,35,none,own,1,unskilled resident,2,none,yes,0
246,none,24,existing paid duly,business,1258,under 100,4 to 7 years,4,male single,none,1,real estate,25,none,own,1,skilled,1,yes,yes,0
247,none,12,critical account,radio tv,717,under 100,7 plus years,4,male single,none,4,real estate,52,none,own,3,skilled,1,none,yes,0
248,none,6,no credits taken,car new,1204,100 to 500,1 to 4 years,4,male single,none,1,none,35,bank,rent,1,skilled,1,none,no,0
249,200 plus,24,existing paid duly,furniture,1925,under 100,1 to 4 years,2,male single,none,2,real estate,26,none,own,1,skilled,1,none,yes,0
250,none,18,existing paid duly,radio tv,433,under 100,unemployed,3,female divorced or married,co-applicant,4,real estate,22,none,rent,1,skilled,1,none,yes,1
251,negative,6,critical account,car new,666,1000 plus,4 to 7 years,3,female divorced or married,none,4,real estate,39,none,own,2,unskilled resident,1,yes,yes,0
252,200 plus,12,existing paid duly,furniture,2251,under 100,1 to 4 years,1,female divorced or married,none,2,car or other,46,none,own,1,unskilled resident,1,none,yes,0
253,0 to 200,30,existing paid duly,car new,2150,under 100,1 to 4 years,4,female divorced or married,guarantor,2,none,24,bank,own,1,skilled,1,none,yes,1
254,none,24,past delays,furniture,4151,100 to 500,1 to 4 years,2,male single,none,3,savings or insurance,35,none,own,2,skilled,1,none,yes,0
255,0 to 200,9,existing paid duly,furniture,2030,unknown,4 to 7 years,2,male single,none,1,car or other,24,none,own,1,skilled,1,yes,yes,0
256,0 to 200,60,past delays,radio tv,7418,unknown,1 to 4 years,1,male single,none,1,real estate,27,none,own,1,unskilled resident,1,none,yes,0
257,none,24,critical account,radio tv,2684,under 100,1 to 4 years,4,male single,none,2,real estate,35,none,own,2,unskilled resident,1,none,yes,0
258,negative,12,all paid at this bank,radio tv,2149,under 100,1 to 4 years,4,male divorced,none,1,none,29,none,free,1,skilled,1,none,yes,1
259,none,15,existing paid duly,car used,3812,100 to 500,under 1 year,1,female divorced or married,none,4,car or other,23,none,own,1,skilled,1,yes,yes,0
260,none,11,critical account,radio tv,1154,100 to 500,unemployed,4,female divorced or married,none,4,real estate,57,none,own,3,unskilled resident,1,none,yes,0
261,negative,12,existing paid duly,furniture,1657,under 100,1 to 4 years,2,male single,none,2,real estate,27,none,own,1,skilled,1,none,yes,0
262,negative,24,existing paid duly,radio tv,1603,under 100,7 plus years,4,female divorced or married,none,4,car or other,55,none,own,1,skilled,1,none,yes,0
263,negative,18,critical account,car new,5302,under 100,7 plus years,2,male single,none,4,none,36,none,free,3,management or self-employed,1,yes,yes,0
264,none,12,critical account,education,2748,under 100,7 plus years,2,female divorced or married,none,4,none,57,bank,free,3,unskilled resident,1,none,yes,0
265,none,10,critical account,car new,1231,under 100,7 plus years,3,male single,none,4,real estate,32,none,own,2,unskilled resident,2,none,no,0
266,0 to 200,15,existing paid duly,radio tv,802,under 100,7 plus years,4,male single,none,3,car or other,37,none,own,1,skilled,2,none,yes,1
267,none,36,critical account,business,6304,unknown,7 plus years,4,male single,none,4,real estate,36,none,own,2,skilled,1,none,yes,0
268,none,24,existing paid duly,radio tv,1533,under 100,under 1 year,4,female divorced or married,none,3,car or other,38,stores,own,1,skilled,1,yes,yes,0
269,negative,14,existing paid duly,car new,8978,under 100,7 plus years,1,male divorced,none,4,savings or insurance,45,none,own,1,management or self-employed,1,yes,no,1
270,none,24,existing paid duly,radio tv,999,unknown,7 plus years,4,male single,none,2,car or other,25,none,own,2,skilled,1,none,yes,0
271,none,18,existing paid duly,car new,2662,unknown,4 to 7 years,4,male single,none,3,savings or insurance,32,none,own,1,skilled,1,none,no,0
272,none,12,critical account,furniture,1402,500 to 1000,4 to 7 years,3,female divorced or married,none,4,car or other,37,none,rent,1,skilled,1,yes,yes,0
273,0 to 200,48,all paid at this bank,car new,12169,unknown,unemployed,4,male single,co-applicant,4,none,36,none,free,1,management or self-employed,1,yes,yes,0
274,0 to 200,48,existing paid duly,radio tv,3060,under 100,4 to 7 years,4,male single,none,4,real estate,28,none,own,2,skilled,1,none,yes,1
275,negative,30,existing paid duly,repairs,11998,under 100,under 1 year,1,male divorced,none,1,none,34,none,own,1,unskilled resident,1,yes,yes,1
276,none,9,existing paid duly,radio tv,2697,under 100,1 to 4 years,1,male single,none,2,real estate,32,none,own,1,skilled,2,none,yes,0
277,none,18,critical account,radio tv,2404,under 100,1 to 4 years,2,female divorced or married,none,2,car or other,26,none,own,2,skilled,1,none,yes,0
278,negative,12,existing paid duly,furniture,1262,unknown,7 plus years,2,male divorced,none,4,savings or insurance,49,none,own,1,unskilled resident,1,yes,yes,0
279,none,6,existing paid duly,furniture,4611,under 100,under 1 year,1,female divorced or married,none,4,savings or insurance,32,none,own,1,skilled,1,none,yes,1
280,none,24,existing paid duly,radio tv,1901,100 to 500,1 to 4 years,4,male single,none,4,car or other,29,none,rent,1,management or self-employed,1,yes,yes,0
281,none,15,critical account,car used,3368,1000 plus,7 plus years,3,male single,none,4,none,23,none,rent,2,skilled,1,yes,yes,0
282,none,12,existing paid duly,furniture,1574,under 100,1 to 4 years,4,male single,none,2,real estate,50,none,own,1,skilled,1,none,yes,0
283,200 plus,18,all paid at this bank,radio tv,1445,unknown,4 to 7 years,4,male single,none,4,car or other,49,bank,own,1,unskilled resident,1,none,yes,0
284,none,15,critical account,furniture,1520,unknown,7 plus years,4,male single,none,4,savings or insurance,63,none,own,1,skilled,1,none,yes,0
285,0 to 200,24,critical account,car new,3878,100 to 500,under 1 year,4,male divorced,none,2,car or other,37,none,own,1,skilled,1,yes,yes,0
286,negative,47,existing paid duly,car new,10722,under 100,under 1 year,1,female divorced or married,none,1,real estate,35,none,own,1,unskilled resident,1,yes,yes,0
287,negative,48,existing paid duly,car used,4788,under 100,4 to 7 years,4,male single,none,3,savings or insurance,26,none,own,1,skilled,2,none,yes,0
288,0 to 200,48,past delays,other,7582,100 to 500,unemployed,2,male single,none,4,none,31,none,free,1,management or self-employed,1,yes,yes,0
289,0 to 200,12,existing paid duly,radio tv,1092,under 100,1 to 4 years,4,female divorced or married,guarantor,4,real estate,49,none,own,2,skilled,1,yes,yes,0
290,negative,24,past delays,radio tv,1024,under 100,under 1 year,4,male married or widowed,none,4,real estate,48,stores,own,1,skilled,1,none,yes,1
291,none,12,existing paid duly,business,1076,under 100,1 to 4 years,2,male married or widowed,none,2,real estate,26,none,own,1,skilled,1,yes,no,0
292,0 to 200,36,existing paid duly,car used,9398,under 100,under 1 year,1,male married or widowed,none,4,car or other,28,none,rent,1,management or self-employed,1,yes,yes,1
293,negative,24,critical account,car used,6419,under 100,7 plus years,2,female divorced or married,none,4,none,44,none,free,2,management or self-employed,2,yes,yes,0
294,200 plus,42,critical account,car used,4796,under 100,7 plus years,4,male single,none,4,none,56,none,free,1,skilled,1,none,yes,0
295,none,48,critical account,business,7629,unknown,7 plus years,4,male divorced,none,2,car or other,46,bank,own,2,management or self-employed,2,none,yes,0
296,0 to 200,48,existing paid duly,furniture,9960,under 100,under 1 year,1,female divorced or married,none,2,car or other,26,none,own,1,skilled,1,yes,yes,1
297,none,12,existing paid duly,car used,4675,unknown,under 1 year,1,female divorced or married,none,4,car or other,20,none,rent,1,skilled,1,none,yes,0
298,none,10,existing paid duly,car new,1287,unknown,7 plus years,4,male single,co-applicant,2,savings or insurance,45,none,own,1,unskilled resident,1,none,no,0
299,none,18,existing paid duly,furniture,2515,under 100,1 to 4 years,3,male single,none,4,real estate,43,none,own,1,skilled,1,yes,yes,0
300,0 to 200,21,critical account,furniture,2745,1000 plus,4 to 7 years,3,male single,none,2,car or other,32,none,own,2,skilled,1,yes,yes,0
301,none,6,existing paid duly,car new,672,under 100,unemployed,1,female divorced or married,none,4,real estate,54,none,own,1,unskilled non-resident,1,yes,yes,0
302,0 to 200,36,no credits taken,radio tv,3804,under 100,1 to 4 years,4,female divorced or married,none,1,car or other,42,none,own,1,skilled,1,yes,yes,1
303,200 plus,24,critical account,car new,1344,unknown,4 to 7 years,4,male single,none,2,real estate,37,bank,own,2,unskilled resident,2,none,yes,1
304,negative,10,critical account,car new,1038,under 100,4 to 7 years,4,male single,co-applicant,3,savings or insurance,49,none,own,2,skilled,1,yes,yes,0
305,none,48,critical account,car new,10127,500 to 1000,1 to 4 years,2,male single,none,2,none,44,bank,free,1,skilled,1,none,yes,1
306,none,6,existing paid duly,furniture,1543,1000 plus,1 to 4 years,4,male divorced,none,2,real estate,33,none,own,1,skilled,1,none,yes,0
307,none,30,existing paid duly,car used,4811,unknown,4 to 7 years,2,female divorced or married,none,4,savings or insurance,24,stores,rent,1,unskilled resident,1,none,yes,0
308,negative,12,existing paid duly,radio tv,727,100 to 500,under 1 year,4,male married or widowed,none,3,none,33,none,own,1,unskilled resident,1,yes,yes,1
309,0 to 200,8,existing paid duly,furniture,1237,under 100,1 to 4 years,3,female divorced or married,none,4,real estate,24,none,own,1,skilled,1,none,yes,1
310,0 to 200,9,existing paid duly,car new,276,under 100,1 to 4 years,4,male married or widowed,none,4,real estate,22,none,rent,1,unskilled resident,1,none,yes,0
311,0 to 200,48,existing paid duly,other,5381,unknown,unemployed,3,male single,none,4,none,40,bank,free,1,unskilled non-resident,1,yes,yes,0
312,none,24,existing paid duly,furniture,5511,100 to 500,1 to 4 years,4,male single,none,1,car or other,25,stores,own,1,skilled,1,none,yes,0
313,200 plus,24,existing paid duly,furniture,3749,under 100,under 1 year,2,female divorced or married,none,4,car or other,26,none,own,1,skilled,1,none,yes,0
314,0 to 200,12,existing paid duly,car new,685,under 100,4 to 7 years,2,male married or widowed,none,3,car or other,25,bank,own,1,unskilled resident,1,none,yes,1
315,200 plus,4,existing paid duly,car new,1494,unknown,under 1 year,1,male single,none,2,real estate,29,none,own,1,unskilled resident,2,none,no,0
316,negative,36,all paid at this bank,furniture,2746,under 100,7 plus years,4,male single,none,4,car or other,31,bank,own,1,skilled,1,none,yes,1
317,negative,12,existing paid duly,furniture,708,under 100,1 to 4 years,2,male single,guarantor,3,savings or insurance,38,none,own,1,unskilled resident,2,none,yes,0
318,0 to 200,24,existing paid duly,furniture,4351,unknown,1 to 4 years,1,female divorced or married,none,4,savings or insurance,48,none,own,1,unskilled resident,1,yes,yes,0
319,none,12,critical account,education,701,under 100,1 to 4 years,4,male single,none,2,car or other,32,none,own,2,skilled,1,none,yes,0
320,negative,15,past delays,furniture,3643,under 100,7 plus years,1,female divorced or married,none,4,savings or insurance,27,none,own,2,unskilled resident,1,none,yes,0
321,0 to 200,30,critical account,car new,4249,under 100,unemployed,4,male married or widowed,none,2,car or other,28,none,own,2,management or self-employed,1,none,yes,1
322,negative,24,existing paid duly,radio tv,1938,under 100,under 1 year,4,male divorced,none,3,savings or insurance,32,none,own,1,skilled,1,none,yes,1
323,negative,24,existing paid duly,car used,2910,under 100,4 to 7 years,2,male single,none,1,none,34,none,free,1,management or self-employed,1,yes,yes,0
324,negative,18,existing paid duly,furniture,2659,1000 plus,1 to 4 years,4,male single,none,2,car or other,28,none,own,1,skilled,1,none,yes,0
325,none,18,critical account,car new,1028,under 100,1 to 4 years,4,female divorced or married,none,3,real estate,36,none,own,2,skilled,1,none,yes,0
326,negative,8,critical account,car new,3398,under 100,4 to 7 years,1,male single,none,4,real estate,39,none,own,2,unskilled resident,1,none,no,0
327,none,12,critical account,furniture,5801,unknown,7 plus years,2,male single,none,4,savings or insurance,49,none,rent,1,skilled,1,yes,yes,0
328,none,24,existing paid duly,car new,1525,1000 plus,4 to 7 years,4,female divorced or married,none,3,car or other,34,none,own,1,skilled,2,yes,yes,0
329,200 plus,36,existing paid duly,radio tv,4473,under 100,7 plus years,4,male single,none,2,car or other,31,none,own,1,skilled,1,none,yes,0
330,0 to 200,6,existing paid duly,radio tv,1068,under 100,7 plus years,4,male single,none,4,car or other,28,none,own,1,skilled,2,none,yes,0
331,negative,24,critical account,car used,6615,under 100,unemployed,2,male single,none,4,none,75,none,free,2,management or self-employed,1,yes,yes,0
332,none,18,critical account,education,1864,100 to 500,1 to 4 years,4,female divorced or married,none,2,real estate,30,none,own,2,skilled,1,none,yes,1
333,0 to 200,60,existing paid duly,car new,7408,100 to 500,under 1 year,4,female divorced or married,none,2,savings or insurance,24,none,own,1,management or self-employed,1,none,yes,1
334,none,48,critical account,car used,11590,100 to 500,1 to 4 years,2,female divorced or married,none,4,car or other,24,bank,rent,2,unskilled resident,1,none,yes,1
335,negative,24,no credits taken,furniture,4110,under 100,7 plus years,3,male single,none,4,none,23,bank,rent,2,skilled,2,none,yes,1
336,negative,6,critical account,furniture,3384,under 100,1 to 4 years,1,male divorced,none,4,real estate,44,none,rent,1,management or self-employed,1,yes,yes,1
337,0 to 200,13,existing paid duly,radio tv,2101,under 100,under 1 year,2,female divorced or married,guarantor,4,savings or insurance,23,none,own,1,unskilled resident,1,none,yes,0
338,negative,15,existing paid duly,appliances,1275,unknown,1 to 4 years,4,female divorced or married,none,2,car or other,24,none,rent,1,skilled,1,none,yes,1
339,negative,24,existing paid duly,furniture,4169,under 100,1 to 4 years,4,male single,none,4,savings or insurance,28,none,own,1,skilled,1,none,yes,0
340,0 to 200,10,existing paid duly,furniture,1521,under 100,1 to 4 years,4,male divorced,none,2,car or other,31,none,own,1,unskilled resident,1,none,yes,0
341,0 to 200,24,critical account,education,5743,under 100,under 1 year,2,female divorced or married,none,4,none,24,none,free,2,skilled,1,yes,yes,0
342,negative,21,existing paid duly,furniture,3599,under 100,4 to 7 years,1,female divorced or married,none,4,car or other,26,none,rent,1,unskilled resident,1,none,yes,0
343,0 to 200,18,existing paid duly,radio tv,3213,500 to 1000,under 1 year,1,male married or widowed,none,3,real estate,25,none,rent,1,skilled,1,none,yes,0
344,0 to 200,18,existing paid duly,business,4439,under 100,7 plus years,1,male single,co-applicant,1,real estate,33,bank,own,1,management or self-employed,1,yes,yes,0
345,200 plus,10,existing paid duly,car new,3949,under 100,under 1 year,1,male single,guarantor,1,savings or insurance,37,none,own,1,unskilled resident,2,none,yes,0
346,none,15,critical account,radio tv,1459,under 100,1 to 4 years,4,female divorced or married,none,2,car or other,43,none,own,1,unskilled resident,1,none,yes,0
347,0 to 200,13,critical account,radio tv,882,under 100,under 1 year,4,male single,guarantor,4,real estate,23,none,own,2,skilled,1,none,yes,0
348,0 to 200,24,existing paid duly,radio tv,3758,500 to 1000,unemployed,1,female divorced or married,none,4,none,23,none,rent,1,unskilled non-resident,1,none,yes,0
349,none,6,past delays,business,1743,100 to 500,1 to 4 years,1,male single,none,2,real estate,34,none,own,2,unskilled resident,1,none,yes,0
350,0 to 200,9,critical account,education,1136,1000 plus,7 plus years,4,male single,none,3,none,32,none,free,2,skilled,2,none,yes,1
351,none,9,existing paid duly,appliances,1236,under 100,under 1 year,1,female divorced or married,none,4,real estate,23,none,rent,1,skilled,1,yes,yes,0
352,0 to 200,9,existing paid duly,furniture,959,under 100,1 to 4 years,1,female divorced or married,none,2,car or other,29,none,own,1,skilled,1,none,no,1
353,none,18,critical account,car used,3229,unknown,unemployed,2,male single,none,4,none,38,none,own,1,management or self-employed,1,yes,yes,0
354,negative,12,no credits taken,radio tv,6199,under 100,1 to 4 years,4,male single,none,2,savings or insurance,28,none,rent,2,skilled,1,yes,yes,1
355,none,10,existing paid duly,education,727,500 to 1000,7 plus years,4,male single,none,4,none,46,none,free,1,skilled,1,yes,yes,0
356,0 to 200,24,existing paid duly,car new,1246,under 100,under 1 year,4,male single,none,2,real estate,23,stores,own,1,unskilled resident,1,none,yes,1
357,none,12,critical account,radio tv,2331,unknown,7 plus years,1,male single,co-applicant,4,real estate,49,none,own,1,skilled,1,yes,yes,0
358,none,36,past delays,radio tv,4463,under 100,1 to 4 years,4,male single,none,2,car or other,26,none,own,2,management or self-employed,1,yes,yes,1
359,none,12,existing paid duly,radio tv,776,under 100,1 to 4 years,4,male married or widowed,none,2,real estate,28,none,own,1,skilled,1,none,yes,0
360,negative,30,existing paid duly,furniture,2406,under 100,4 to 7 years,4,female divorced or married,none,4,real estate,23,none,rent,1,skilled,1,none,yes,1
361,0 to 200,18,existing paid duly,education,1239,unknown,1 to 4 years,4,male single,none,4,none,61,none,free,1,skilled,1,none,yes,0
362,200 plus,12,existing paid duly,radio tv,3399,unknown,7 plus years,2,male single,none,3,car or other,37,none,own,1,management or self-employed,1,none,yes,0
363,200 plus,12,past delays,car new,2247,under 100,1 to 4 years,2,female divorced or married,none,2,car or other,36,stores,own,2,skilled,1,yes,yes,0
364,none,6,existing paid duly,furniture,1766,under 100,1 to 4 years,1,male married or widowed,none,2,savings or insurance,21,none,rent,1,skilled,1,none,yes,0
365,negative,18,existing paid duly,furniture,2473,under 100,unemployed,4,male single,none,1,car or other,25,none,own,1,unskilled non-resident,1,none,yes,1
366,none,12,existing paid duly,business,1542,under 100,4 to 7 years,2,male single,none,4,car or other,36,none,own,1,skilled,1,yes,yes,0
367,none,18,critical account,car used,3850,under 100,4 to 7 years,3,male single,none,1,car or other,27,none,own,2,skilled,1,none,yes,0
368,negative,18,existing paid duly,furniture,3650,under 100,under 1 year,1,female divorced or married,none,4,car or other,22,none,rent,1,skilled,1,none,yes,0
369,negative,36,existing paid duly,furniture,3446,under 100,7 plus years,4,male single,none,2,car or other,42,none,own,1,skilled,2,none,yes,1
370,0 to 200,18,existing paid duly,furniture,3001,under 100,4 to 7 years,2,female divorced or married,none,4,real estate,40,none,rent,1,skilled,1,none,yes,0
371,none,36,existing paid duly,car new,3079,unknown,1 to 4 years,4,male single,none,4,real estate,36,none,own,1,skilled,1,none,yes,0
372,none,18,critical account,radio tv,6070,under 100,7 plus years,3,male single,none,4,car or other,33,none,own,2,skilled,1,yes,yes,0
373,none,10,critical account,furniture,2146,under 100,under 1 year,1,female divorced or married,none,3,real estate,23,none,rent,2,skilled,1,none,yes,0
374,none,60,critical account,car new,13756,unknown,7 plus years,2,male single,none,4,none,63,bank,free,1,management or self-employed,1,yes,yes,0
375,0 to 200,60,all paid at this bank,other,14782,100 to 500,7 plus years,3,female divorced or married,none,4,none,60,bank,free,2,management or self-employed,1,yes,yes,1
376,negative,48,all paid at this bank,business,7685,under 100,4 to 7 years,2,female divorced or married,guarantor,4,car or other,37,none,rent,1,skilled,1,none,yes,1
377,none,18,past delays,radio tv,2320,under 100,unemployed,2,male married or widowed,none,3,real estate,34,none,own,2,skilled,1,none,yes,0
378,none,7,past delays,radio tv,846,unknown,7 plus years,3,male single,none,4,none,36,none,free,1,skilled,1,none,yes,0
379,0 to 200,36,existing paid duly,car new,14318,under 100,7 plus years,4,male single,none,2,none,57,none,free,1,management or self-employed,1,yes,yes,1
380,none,6,critical account,car new,362,100 to 500,1 to 4 years,4,female divorced or married,none,4,car or other,52,none,own,2,unskilled resident,1,none,yes,0
381,negative,20,existing paid duly,furniture,2212,unknown,4 to 7 years,4,male single,none,4,car or other,39,none,own,1,skilled,1,yes,yes,0
382,0 to 200,18,existing paid duly,car used,12976,under 100,unemployed,3,female divorced or married,none,4,none,38,none,free,1,management or self-employed,1,yes,yes,1
383,none,22,existing paid duly,car new,1283,unknown,4 to 7 years,4,female divorced or married,none,4,savings or insurance,25,none,rent,1,skilled,1,none,yes,0
384,200 plus,12,existing paid duly,car new,1330,under 100,under 1 year,4,male single,none,1,real estate,26,none,own,1,skilled,1,none,yes,0
385,none,30,past delays,business,4272,100 to 500,1 to 4 years,2,male single,none,2,savings or insurance,26,none,own,2,unskilled resident,1,none,yes,0
386,none,18,critical account,radio tv,2238,under 100,1 to 4 years,2,female divorced or married,none,1,car or other,25,none,own,2,skilled,1,none,yes,0
387,none,18,existing paid duly,radio tv,1126,unknown,under 1 year,4,female divorced or married,none,2,real estate,21,none,rent,1,skilled,1,yes,yes,0
388,0 to 200,18,critical account,furniture,7374,under 100,unemployed,4,male single,none,4,savings or insurance,40,stores,own,2,management or self-employed,1,yes,yes,0
389,0 to 200,15,critical account,business,2326,500 to 1000,1 to 4 years,2,male single,none,4,car or other,27,bank,own,1,skilled,1,none,yes,0
390,none,9,existing paid duly,business,1449,under 100,4 to 7 years,3,female divorced or married,none,2,car or other,27,none,own,2,skilled,1,none,yes,0
391,none,18,existing paid duly,car new,1820,under 100,1 to 4 years,2,male married or widowed,none,2,savings or insurance,30,none,own,1,management or self-employed,1,yes,yes,0
392,0 to 200,12,existing paid duly,furniture,983,1000 plus,under 1 year,1,female divorced or married,none,4,real estate,19,none,rent,1,unskilled resident,1,none,yes,0
393,negative,36,existing paid duly,car new,3249,under 100,4 to 7 years,2,male single,none,4,none,39,bank,free,1,management or self-employed,2,yes,yes,0
394,negative,6,critical account,radio tv,1957,under 100,4 to 7 years,1,female divorced or married,none,4,car or other,31,none,own,1,skilled,1,none,yes,0
395,none,9,critical account,furniture,2406,under 100,unemployed,2,male single,none,3,car or other,31,none,own,1,management or self-employed,1,none,yes,0
396,0 to 200,39,past delays,education,11760,100 to 500,4 to 7 years,2,male single,none,3,none,32,none,rent,1,skilled,1,yes,yes,0
397,negative,12,existing paid duly,furniture,2578,under 100,unemployed,3,female divorced or married,none,4,none,55,none,free,1,management or self-employed,1,none,yes,0
398,negative,36,critical account,furniture,2348,under 100,1 to 4 years,3,male married or widowed,none,2,savings or insurance,46,none,own,2,skilled,1,yes,yes,0
399,0 to 200,12,existing paid duly,car new,1223,under 100,7 plus years,1,male divorced,none,1,real estate,46,none,rent,2,skilled,1,none,yes,1
400,none,24,critical account,radio tv,1516,1000 plus,1 to 4 years,4,female divorced or married,none,1,real estate,43,none,own,2,unskilled resident,1,none,yes,0
401,none,18,existing paid duly,radio tv,1473,under 100,under 1 year,3,male married or widowed,none,4,real estate,39,none,own,1,skilled,1,yes,yes,0
402,0 to 200,18,critical account,business,1887,unknown,1 to 4 years,4,male married or widowed,none,4,real estate,28,bank,own,2,skilled,1,none,yes,0
403,none,24,past delays,business,8648,under 100,under 1 year,2,male single,none,2,car or other,27,bank,own,2,skilled,1,yes,yes,1
404,none,14,past delays,car new,802,under 100,1 to 4 years,4,male single,none,2,car or other,27,none,own,2,unskilled resident,1,none,yes,0
405,0 to 200,18,past delays,car new,2899,unknown,7 plus years,4,male single,none,4,car or other,43,none,own,1,skilled,2,none,yes,0
406,0 to 200,24,existing paid duly,radio tv,2039,under 100,under 1 year,1,male married or widowed,none,1,savings or insurance,22,none,own,1,skilled,1,yes,yes,1
407,none,24,critical account,car used,2197,unknown,4 to 7 years,4,male single,none,4,car or other,43,none,own,2,skilled,2,yes,yes,0
408,negative,15,existing paid duly,radio tv,1053,under 100,under 1 year,4,male married or widowed,none,2,real estate,27,none,own,1,skilled,1,none,no,0
409,none,24,existing paid duly,radio tv,3235,500 to 1000,7 plus years,3,male divorced,none,2,car or other,26,none,own,1,management or self-employed,1,yes,yes,0
410,200 plus,12,critical account,car new,939,500 to 1000,4 to 7 years,4,male married or widowed,none,2,real estate,28,none,own,3,skilled,1,yes,yes,1
411,0 to 200,24,existing paid duly,radio tv,1967,under 100,7 plus years,4,female divorced or married,none,4,car or other,20,none,own,1,skilled,1,yes,yes,0
412,none,33,critical account,car used,7253,under 100,4 to 7 years,3,male single,none,2,car or other,35,none,own,2,management or self-employed,1,yes,yes,0
413,none,12,critical account,business,2292,under 100,unemployed,4,male single,none,2,car or other,42,stores,own,2,management or self-employed,1,yes,yes,1
414,none,10,existing paid duly,car new,1597,500 to 1000,1 to 4 years,3,male single,none,2,none,40,none,rent,1,unskilled resident,2,none,no,0
415,negative,24,existing paid duly,car new,1381,unknown,1 to 4 years,4,female divorced or married,none,2,savings or insurance,35,none,own,1,skilled,1,none,yes,1
416,none,36,critical account,car used,5842,under 100,7 plus years,2,male single,none,2,savings or insurance,35,none,own,2,skilled,2,yes,yes,0
417,negative,12,existing paid duly,car new,2579,under 100,under 1 year,4,male single,none,1,real estate,33,none,own,1,unskilled resident,2,none,yes,1
418,negative,18,past delays,education,8471,unknown,1 to 4 years,1,female divorced or married,none,2,car or other,23,none,rent,2,skilled,1,yes,yes,0
419,none,21,existing paid duly,car new,2782,500 to 1000,4 to 7 years,1,female divorced or married,none,2,car or other,31,bank,own,1,management or self-employed,1,none,yes,0
420,0 to 200,18,existing paid duly,car new,1042,unknown,1 to 4 years,4,female divorced or married,none,2,savings or insurance,33,none,own,1,skilled,1,none,yes,1
421,none,15,existing paid duly,car new,3186,1000 plus,4 to 7 years,2,female divorced or married,none,3,car or other,20,none,rent,1,skilled,1,none,yes,0
422,0 to 200,12,existing paid duly,car used,2028,unknown,1 to 4 years,4,male single,none,2,car or other,30,none,own,1,skilled,1,none,yes,0
423,0 to 200,12,critical account,car new,958,under 100,4 to 7 years,2,male single,none,3,real estate,47,none,own,2,unskilled resident,2,none,yes,0
424,none,21,past delays,furniture,1591,100 to 500,4 to 7 years,4,male single,none,3,real estate,34,none,own,2,management or self-employed,1,none,yes,0
425,0 to 200,12,existing paid duly,furniture,2762,unknown,7 plus years,1,female divorced or married,none,2,savings or insurance,25,bank,own,1,skilled,1,yes,yes,1
426,0 to 200,18,existing paid duly,car used,2779,under 100,1 to 4 years,1,male married or widowed,none,3,car or other,21,none,rent,1,skilled,1,yes,yes,0
427,none,28,critical account,radio tv,2743,under 100,7 plus years,4,male single,none,2,car or other,29,none,own,2,skilled,1,none,yes,0
428,none,18,critical account,radio tv,1149,1000 plus,1 to 4 years,4,male single,none,3,real estate,46,none,own,2,skilled,1,none,yes,0
429,none,9,existing paid duly,furniture,1313,under 100,7 plus years,1,male single,none,4,car or other,20,none,own,1,skilled,1,none,yes,0
430,negative,18,critical account,repairs,1190,under 100,unemployed,2,female divorced or married,none,4,none,55,none,free,3,unskilled non-resident,2,none,yes,1
431,none,5,existing paid duly,business,3448,under 100,4 to 7 years,1,male single,none,4,real estate,74,none,own,1,unskilled resident,1,none,yes,0
432,0 to 200,24,existing paid duly,other,11328,under 100,1 to 4 years,2,male single,co-applicant,3,car or other,29,bank,own,2,management or self-employed,1,yes,yes,1
433,negative,6,critical account,furniture,1872,under 100,unemployed,4,male single,none,4,none,36,none,free,3,management or self-employed,1,yes,yes,0
434,none,24,critical account,repairs,2058,under 100,1 to 4 years,4,male divorced,none,2,real estate,33,none,own,2,skilled,1,yes,yes,0
435,negative,9,existing paid duly,furniture,2136,under 100,1 to 4 years,3,male single,none,2,real estate,25,none,own,1,skilled,1,none,yes,0
436,0 to 200,12,existing paid duly,radio tv,1484,unknown,1 to 4 years,2,male married or widowed,none,1,real estate,25,none,own,1,skilled,1,yes,yes,1
437,none,6,existing paid duly,repairs,660,500 to 1000,4 to 7 years,2,male married or widowed,none,4,real estate,23,none,rent,1,unskilled resident,1,none,yes,0
438,none,24,critical account,car new,1287,1000 plus,7 plus years,4,female divorced or married,none,4,real estate,37,none,own,2,skilled,1,yes,yes,0
439,negative,42,critical account,repairs,3394,under 100,unemployed,4,male single,co-applicant,4,car or other,65,none,own,2,unskilled non-resident,1,none,yes,0
440,200 plus,12,all paid at this bank,business,609,under 100,under 1 year,4,female divorced or married,none,1,real estate,26,none,own,1,unskilled non-resident,1,none,yes,1
441,none,12,existing paid duly,car new,1884,under 100,7 plus years,4,male single,none,4,car or other,39,none,own,1,management or self-employed,1,yes,yes,0
442,negative,12,existing paid duly,furniture,1620,under 100,1 to 4 years,2,female divorced or married,co-applicant,3,savings or insurance,30,none,own,1,skilled,1,none,yes,0
443,0 to 200,20,past delays,other,2629,under 100,1 to 4 years,2,male single,none,3,car or other,29,bank,own,2,skilled,1,yes,yes,0
444,none,12,existing paid duly,education,719,under 100,7 plus years,4,male single,none,4,car or other,41,bank,own,1,unskilled resident,2,none,yes,1
445,0 to 200,48,critical account,furniture,5096,under 100,1 to 4 years,2,female divorced or married,none,3,car or other,30,none,own,1,management or self-employed,1,yes,yes,1
446,none,9,critical account,education,1244,unknown,7 plus years,4,female divorced or married,none,4,savings or insurance,41,none,rent,2,unskilled resident,1,none,yes,0
447,negative,36,existing paid duly,car new,1842,under 100,under 1 year,4,female divorced or married,none,4,car or other,34,none,own,1,skilled,1,yes,yes,1
448,0 to 200,7,existing paid duly,radio tv,2576,under 100,1 to 4 years,2,male single,guarantor,2,real estate,35,none,own,1,skilled,1,none,yes,0
449,200 plus,12,existing paid duly,furniture,1424,unknown,7 plus years,3,female divorced or married,none,4,real estate,55,none,own,1,management or self-employed,1,yes,yes,0
450,0 to 200,15,past delays,repairs,1512,1000 plus,1 to 4 years,3,male married or widowed,none,3,savings or insurance,61,stores,own,2,skilled,1,none,yes,1
451,none,36,critical account,car used,11054,unknown,1 to 4 years,4,male single,none,2,car or other,30,none,own,1,management or self-employed,1,yes,yes,0
452,none,6,existing paid duly,radio tv,518,under 100,1 to 4 years,3,female divorced or married,none,1,real estate,29,none,own,1,skilled,1,none,yes,0
453,none,12,no credits taken,furniture,2759,under 100,7 plus years,2,male single,none,4,savings or insurance,34,none,own,2,skilled,1,none,yes,0
454,none,24,existing paid duly,car used,2670,under 100,7 plus years,4,male single,none,4,car or other,35,none,own,1,management or self-employed,1,yes,yes,0
455,negative,24,existing paid duly,car new,4817,under 100,4 to 7 years,2,male single,co-applicant,3,savings or insurance,31,none,own,1,skilled,1,yes,yes,1
456,none,24,existing paid duly,car used,2679,under 100,under 1 year,4,female divorced or married,none,1,none,29,none,own,1,management or self-employed,1,yes,yes,0
457,negative,11,critical account,car new,3905,under 100,1 to 4 years,2,male single,none,2,real estate,36,none,rent,2,skilled,2,none,yes,0
458,negative,12,existing paid duly,car used,3386,under 100,7 plus years,3,male single,none,4,none,35,none,free,1,skilled,1,yes,yes,1
459,negative,6,existing paid duly,appliances,343,under 100,under 1 year,4,female divorced or married,none,1,real estate,27,none,own,1,skilled,1,none,yes,0
460,none,18,existing paid duly,radio tv,4594,under 100,under 1 year,3,male single,none,2,car or other,32,none,own,1,skilled,1,yes,yes,0
461,negative,36,existing paid duly,furniture,3620,under 100,1 to 4 years,1,male single,guarantor,2,savings or insurance,37,none,own,1,skilled,2,none,yes,0
462,negative,15,existing paid duly,car new,1721,under 100,under 1 year,2,male single,none,3,real estate,36,none,own,1,skilled,1,none,yes,0
463,0 to 200,12,existing paid duly,furniture,3017,under 100,under 1 year,3,female divorced or married,none,1,real estate,34,none,rent,1,management or self-employed,1,none,yes,0
464,0 to 200,12,existing paid duly,retraining,754,unknown,7 plus years,4,male single,none,4,savings or insurance,38,none,own,2,skilled,1,none,yes,0
465,none,18,existing paid duly,business,1950,under 100,4 to 7 years,4,male single,none,1,car or other,34,stores,own,2,skilled,1,yes,yes,0
466,negative,24,existing paid duly,car used,2924,under 100,1 to 4 years,3,male single,guarantor,4,none,63,bank,own,1,skilled,2,yes,yes,0
467,negative,24,past delays,radio tv,1659,under 100,under 1 year,4,female divorced or married,none,2,car or other,29,none,rent,1,unskilled resident,1,yes,yes,1
468,none,48,past delays,radio tv,7238,unknown,7 plus years,3,male single,none,3,car or other,32,bank,own,2,skilled,2,none,yes,0
469,none,33,past delays,business,2764,under 100,1 to 4 years,2,female divorced or married,none,2,car or other,26,none,own,2,skilled,1,yes,yes,0
470,none,24,past delays,car used,4679,under 100,4 to 7 years,3,male single,none,3,car or other,35,none,own,2,unskilled resident,1,yes,yes,0
471,0 to 200,24,existing paid duly,radio tv,3092,100 to 500,under 1 year,3,male married or widowed,none,2,car or other,22,none,rent,1,skilled,1,yes,yes,1
472,negative,6,existing paid duly,education,448,under 100,under 1 year,4,female divorced or married,none,4,savings or insurance,23,none,own,1,skilled,1,none,yes,1
473,negative,9,existing paid duly,car new,654,under 100,1 to 4 years,4,male single,none,3,car or other,28,none,own,1,unskilled resident,1,none,yes,1
474,none,6,existing paid duly,retraining,1238,unknown,unemployed,4,male single,none,4,savings or insurance,36,none,own,1,management or self-employed,2,yes,yes,0
475,0 to 200,18,critical account,radio tv,1245,under 100,1 to 4 years,4,male married or widowed,none,2,car or other,33,none,own,1,skilled,1,none,yes,1
476,negative,18,no credits taken,furniture,3114,under 100,under 1 year,1,female divorced or married,none,4,savings or insurance,26,none,rent,1,skilled,1,none,yes,1
477,none,39,existing paid duly,car used,2569,500 to 1000,1 to 4 years,4,male single,none,4,car or other,24,none,own,1,skilled,1,none,yes,0
478,200 plus,24,existing paid duly,radio tv,5152,under 100,4 to 7 years,4,male single,none,2,car or other,25,bank,own,1,skilled,1,none,yes,0
479,0 to 200,12,existing paid duly,business,1037,100 to 500,4 to 7 years,3,male single,none,4,real estate,39,none,own,1,unskilled resident,1,none,yes,0
480,negative,15,critical account,furniture,1478,under 100,7 plus years,4,male single,none,4,car or other,44,none,own,2,skilled,2,yes,yes,0
481,0 to 200,12,critical account,radio tv,3573,under 100,1 to 4 years,1,female divorced or married,none,1,real estate,23,none,own,1,unskilled resident,1,none,yes,0
482,0 to 200,24,existing paid duly,car new,1201,under 100,under 1 year,4,male single,none,1,savings or insurance,26,none,own,1,skilled,1,none,yes,0
483,negative,30,existing paid duly,furniture,3622,1000 plus,7 plus years,4,female divorced or married,none,4,savings or insurance,57,none,rent,2,skilled,1,yes,yes,0
484,none,15,past delays,furniture,960,1000 plus,4 to 7 years,3,female divorced or married,none,2,savings or insurance,30,none,own,2,skilled,1,none,yes,0
485,none,12,critical account,car new,1163,500 to 1000,1 to 4 years,4,male single,none,4,real estate,44,none,own,1,skilled,1,yes,yes,0
486,0 to 200,6,past delays,car new,1209,under 100,unemployed,4,male single,none,4,savings or insurance,47,none,own,1,management or self-employed,1,yes,yes,1
487,none,12,existing paid duly,radio tv,3077,under 100,1 to 4 years,2,male single,none,4,car or other,52,none,own,1,skilled,1,yes,yes,0
488,none,24,existing paid duly,car new,3757,under 100,7 plus years,4,female divorced or married,co-applicant,4,none,62,none,free,1,skilled,1,yes,yes,0
489,none,10,existing paid duly,car new,1418,100 to 500,1 to 4 years,3,male single,none,2,real estate,35,none,rent,1,unskilled resident,1,none,no,0
490,none,6,existing paid duly,car new,3518,under 100,1 to 4 years,2,male single,guarantor,3,savings or insurance,26,none,rent,1,skilled,1,none,yes,0
491,none,12,critical account,radio tv,1934,under 100,7 plus years,2,male single,none,2,none,26,none,own,2,skilled,1,none,yes,0
492,0 to 200,27,no credits taken,business,8318,under 100,7 plus years,2,female divorced or married,none,4,none,42,none,free,2,management or self-employed,1,yes,yes,1
493,none,6,critical account,radio tv,1237,100 to 500,1 to 4 years,1,female divorced or married,none,1,savings or insurance,27,none,own,2,skilled,1,none,yes,0
494,0 to 200,6,existing paid duly,radio tv,368,unknown,7 plus years,4,male single,none,4,savings or insurance,38,none,own,1,skilled,1,none,yes,0
495,negative,12,critical account,car new,2122,under 100,1 to 4 years,3,male single,none,2,real estate,39,none,rent,2,unskilled resident,2,none,no,0
496,negative,24,existing paid duly,furniture,2996,unknown,1 to 4 years,2,male married or widowed,none,4,car or other,20,none,own,1,skilled,1,none,yes,1
497,0 to 200,36,existing paid duly,furniture,9034,100 to 500,under 1 year,4,male single,co-applicant,1,none,29,none,rent,1,management or self-employed,1,yes,yes,1
498,none,24,critical account,furniture,1585,under 100,4 to 7 years,4,male single,none,3,savings or insurance,40,none,own,2,skilled,1,none,yes,0
499,0 to 200,18,existing paid duly,radio tv,1301,under 100,7 plus years,4,male married or widowed,guarantor,2,real estate,32,none,own,1,unskilled resident,1,none,yes,0
500,200 plus,6,critical account,car new,1323,100 to 500,7 plus years,2,male divorced,none,4,car or other,28,none,own,2,skilled,2,yes,yes,0
501,negative,24,existing paid duly,car new,3123,under 100,under 1 year,4,female divorced or married,none,1,savings or insurance,27,none,own,1,skilled,1,none,yes,1
502,negative,36,existing paid duly,car used,5493,under 100,7 plus years,2,male single,none,4,none,42,none,free,1,skilled,2,none,yes,0
503,200 plus,9,existing paid duly,radio tv,1126,100 to 500,7 plus years,2,male divorced,none,4,real estate,49,none,own,1,skilled,1,none,yes,0
504,0 to 200,24,critical account,radio tv,1216,100 to 500,under 1 year,4,male single,none,4,none,38,bank,own,2,skilled,2,none,yes,1
505,negative,24,existing paid duly,car new,1207,under 100,under 1 year,4,female divorced or married,none,4,savings or insurance,24,none,rent,1,skilled,1,none,yes,1
506,none,10,existing paid duly,car new,1309,unknown,1 to 4 years,4,male single,guarantor,4,savings or insurance,27,none,own,1,unskilled resident,1,none,yes,1
507,200 plus,15,critical account,car used,2360,500 to 1000,1 to 4 years,2,male single,none,2,car or other,36,none,own,1,skilled,1,yes,yes,0
508,0 to 200,15,all paid at this bank,car new,6850,100 to 500,unemployed,1,male single,none,2,savings or insurance,34,none,own,1,management or self-employed,2,yes,yes,1
509,none,24,existing paid duly,radio tv,1413,under 100,1 to 4 years,4,male married or widowed,none,2,savings or insurance,28,none,own,1,skilled,1,none,yes,0
510,none,39,existing paid duly,car used,8588,100 to 500,7 plus years,4,male single,none,2,car or other,45,none,own,1,management or self-employed,1,yes,yes,0
511,negative,12,existing paid duly,car new,759,under 100,4 to 7 years,4,male single,none,2,real estate,26,none,own,1,skilled,1,none,yes,1
512,none,36,existing paid duly,car used,4686,under 100,1 to 4 years,2,male single,none,2,none,32,none,free,1,management or self-employed,1,yes,yes,0
513,200 plus,15,existing paid duly,business,2687,under 100,4 to 7 years,2,male single,none,4,savings or insurance,26,none,rent,1,skilled,1,yes,yes,0
514,0 to 200,12,past delays,radio tv,585,under 100,1 to 4 years,4,male married or widowed,co-applicant,4,real estate,20,none,rent,2,skilled,1,none,yes,0
515,none,24,existing paid duly,car new,2255,unknown,under 1 year,4,male single,none,1,savings or insurance,54,none,own,1,skilled,1,none,yes,0
516,negative,6,critical account,car new,609,under 100,4 to 7 years,4,female divorced or married,none,3,savings or insurance,37,none,own,2,skilled,1,none,no,0
517,negative,6,critical account,car new,1361,under 100,under 1 year,2,male single,none,4,real estate,40,none,own,1,unskilled resident,2,none,no,0
518,none,36,critical account,furniture,7127,under 100,under 1 year,2,female divorced or married,none,4,savings or insurance,23,none,rent,2,skilled,1,yes,yes,1
519,negative,6,existing paid duly,car new,1203,100 to 500,7 plus years,3,male single,none,2,savings or insurance,43,none,own,1,skilled,1,yes,yes,0
520,none,6,critical account,radio tv,700,unknown,7 plus years,4,male single,none,4,none,36,none,free,2,skilled,1,none,yes,0
521,none,24,critical account,repairs,5507,under 100,7 plus years,3,male single,none,4,none,44,none,free,2,skilled,1,none,yes,0
522,negative,18,existing paid duly,radio tv,3190,under 100,1 to 4 years,2,female divorced or married,none,2,real estate,24,none,own,1,skilled,1,none,yes,1
523,negative,48,no credits taken,furniture,7119,under 100,1 to 4 years,3,male single,none,4,none,53,none,free,2,skilled,2,none,yes,1
524,none,24,existing paid duly,car used,3488,100 to 500,4 to 7 years,3,female divorced or married,none,4,car or other,23,none,own,1,skilled,1,none,yes,0
525,0 to 200,18,existing paid duly,radio tv,1113,under 100,1 to 4 years,4,female divorced or married,guarantor,4,real estate,26,none,own,1,unskilled resident,2,none,yes,0
526,0 to 200,26,existing paid duly,car used,7966,under 100,under 1 year,2,male single,none,3,car or other,30,none,own,2,skilled,1,none,yes,0
527,none,15,critical account,education,1532,100 to 500,1 to 4 years,4,female divorced or married,none,3,car or other,31,none,own,1,skilled,1,none,yes,0
528,none,4,critical account,radio tv,1503,under 100,4 to 7 years,2,male single,none,1,real estate,42,none,own,2,unskilled resident,2,none,yes,0
529,negative,36,existing paid duly,radio tv,2302,under 100,1 to 4 years,4,male divorced,none,4,car or other,31,none,rent,1,skilled,1,none,yes,1
530,negative,6,existing paid duly,car new,662,under 100,under 1 year,3,male single,none,4,real estate,41,none,own,1,unskilled resident,2,yes,yes,0
531,0 to 200,36,existing paid duly,education,2273,under 100,4 to 7 years,3,male single,none,1,car or other,32,none,own,2,skilled,2,none,yes,0
532,0 to 200,15,existing paid duly,car new,2631,100 to 500,1 to 4 years,2,female divorced or married,none,4,car or other,28,none,rent,2,skilled,1,yes,yes,1
533,none,12,past delays,car used,1503,under 100,1 to 4 years,4,male married or widowed,none,4,real estate,41,none,rent,1,skilled,1,none,yes,0
534,none,24,existing paid duly,radio tv,1311,100 to 500,4 to 7 years,4,male married or widowed,none,3,savings or insurance,26,none,own,1,skilled,1,yes,yes,0
535,none,24,existing paid duly,radio tv,3105,unknown,under 1 year,4,male single,none,2,car or other,25,none,own,2,skilled,1,none,yes,0
536,200 plus,21,critical account,education,2319,under 100,under 1 year,2,male divorced,none,1,car or other,33,none,rent,1,skilled,1,none,yes,1
537,negative,6,existing paid duly,car new,1374,unknown,unemployed,4,female divorced or married,none,3,savings or insurance,75,none,own,1,management or self-employed,1,yes,yes,0
538,0 to 200,18,critical account,furniture,3612,under 100,7 plus years,3,female divorced or married,none,4,savings or insurance,37,none,own,1,skilled,1,yes,yes,0
539,negative,48,existing paid duly,car new,7763,under 100,7 plus years,4,male single,none,4,none,42,bank,free,1,management or self-employed,1,none,yes,1
540,200 plus,18,existing paid duly,furniture,3049,under 100,under 1 year,1,female divorced or married,none,1,savings or insurance,45,stores,own,1,unskilled resident,1,none,yes,0
541,0 to 200,12,existing paid duly,radio tv,1534,under 100,under 1 year,1,male married or widowed,none,1,real estate,23,none,rent,1,skilled,1,none,yes,1
542,none,24,past delays,car new,2032,under 100,7 plus years,4,male single,none,4,none,60,none,free,2,skilled,1,yes,yes,0
543,negative,30,existing paid duly,furniture,6350,unknown,7 plus years,4,male single,none,4,savings or insurance,31,none,own,1,skilled,1,none,yes,1
544,200 plus,18,existing paid duly,furniture,2864,under 100,1 to 4 years,2,male single,none,1,real estate,34,none,own,1,unskilled resident,2,none,yes,1
545,none,12,critical account,car new,1255,under 100,7 plus years,4,male single,none,4,real estate,61,none,own,2,unskilled resident,1,none,yes,0
546,negative,24,past delays,car new,1333,under 100,unemployed,4,male single,none,2,real estate,43,none,free,2,skilled,2,none,yes,1
547,none,24,critical account,car new,2022,under 100,1 to 4 years,4,female divorced or married,none,4,car or other,37,none,own,1,skilled,1,yes,yes,0
548,none,24,existing paid duly,radio tv,1552,under 100,4 to 7 years,3,male single,none,1,car or other,32,bank,own,1,skilled,2,none,yes,0
549,negative,12,all paid at this bank,radio tv,626,under 100,1 to 4 years,4,female divorced or married,none,4,real estate,24,bank,own,1,unskilled resident,1,none,yes,1
550,none,48,critical account,car used,8858,unknown,4 to 7 years,2,male single,none,1,none,35,none,free,2,skilled,1,yes,yes,0
551,none,12,critical account,repairs,996,unknown,4 to 7 years,4,female divorced or married,none,4,real estate,23,none,own,2,skilled,1,none,yes,0
552,none,6,all paid at this bank,radio tv,1750,500 to 1000,7 plus years,2,male single,none,4,savings or insurance,45,bank,own,1,unskilled resident,2,none,yes,0
553,negative,48,existing paid duly,radio tv,6999,under 100,4 to 7 years,1,male married or widowed,guarantor,1,real estate,34,none,own,2,skilled,1,yes,yes,1
554,0 to 200,12,critical account,car new,1995,100 to 500,under 1 year,4,male single,none,1,car or other,27,none,own,1,skilled,1,none,yes,0
555,0 to 200,9,existing paid duly,education,1199,under 100,4 to 7 years,4,female divorced or married,none,4,savings or insurance,67,none,own,2,management or self-employed,1,yes,yes,0
556,0 to 200,12,existing paid duly,radio tv,1331,under 100,under 1 year,2,male single,none,1,car or other,22,stores,own,1,skilled,1,none,yes,1
557,0 to 200,18,no credits taken,car new,2278,100 to 500,under 1 year,3,female divorced or married,none,3,car or other,28,none,own,2,skilled,1,none,yes,1
558,none,21,no credits taken,car new,5003,unknown,1 to 4 years,1,female divorced or married,none,4,savings or insurance,29,bank,own,2,skilled,1,yes,yes,1
559,negative,24,all paid at this bank,furniture,3552,under 100,4 to 7 years,3,male single,none,4,car or other,27,bank,own,1,skilled,1,none,yes,1
560,0 to 200,18,critical account,furniture,1928,under 100,under 1 year,2,male single,none,2,real estate,31,none,own,2,unskilled resident,1,none,yes,1
561,negative,24,existing paid duly,car used,2964,unknown,7 plus years,4,male single,none,4,none,49,bank,free,1,skilled,2,yes,yes,0
562,negative,24,all paid at this bank,radio tv,1546,under 100,4 to 7 years,4,male single,guarantor,4,car or other,24,bank,rent,1,unskilled resident,1,none,yes,1
563,200 plus,6,past delays,radio tv,683,under 100,under 1 year,2,female divorced or married,none,1,savings or insurance,29,bank,own,1,skilled,1,none,yes,0
564,0 to 200,36,existing paid duly,car new,12389,unknown,1 to 4 years,1,male single,none,4,none,37,none,free,1,skilled,1,yes,yes,1
565,0 to 200,24,past delays,business,4712,unknown,1 to 4 years,4,male single,none,2,savings or insurance,37,bank,own,2,management or self-employed,1,yes,yes,0
566,0 to 200,24,past delays,radio tv,1553,100 to 500,4 to 7 years,3,female divorced or married,none,2,savings or insurance,23,none,rent,2,skilled,1,yes,yes,0
567,negative,12,existing paid duly,car new,1372,under 100,4 to 7 years,2,male divorced,none,3,car or other,36,none,own,1,skilled,1,none,yes,1
568,none,24,critical account,radio tv,2578,1000 plus,7 plus years,2,male single,none,2,car or other,34,none,own,1,skilled,1,none,yes,0
569,0 to 200,48,existing paid duly,radio tv,3979,unknown,4 to 7 years,4,male single,none,1,car or other,41,none,own,2,skilled,2,yes,yes,0
570,negative,48,existing paid duly,radio tv,6758,under 100,1 to 4 years,3,female divorced or married,none,2,car or other,31,none,own,1,skilled,1,yes,yes,1
571,negative,24,existing paid duly,furniture,3234,under 100,under 1 year,4,female divorced or married,none,4,real estate,23,none,rent,1,unskilled resident,1,yes,yes,1
572,none,30,critical account,radio tv,5954,under 100,4 to 7 years,3,male single,co-applicant,2,car or other,38,none,own,1,skilled,1,none,yes,0
573,none,24,existing paid duly,car used,5433,unknown,unemployed,2,female divorced or married,none,4,savings or insurance,26,none,rent,1,management or self-employed,1,yes,yes,0
574,negative,15,existing paid duly,business,806,under 100,1 to 4 years,4,female divorced or married,none,4,savings or insurance,22,none,own,1,unskilled resident,1,none,yes,0
575,0 to 200,9,existing paid duly,radio tv,1082,under 100,7 plus years,4,male single,none,4,car or other,27,none,own,2,unskilled resident,1,none,yes,0
576,none,15,critical account,furniture,2788,under 100,4 to 7 years,2,female divorced or married,co-applicant,3,car or other,24,bank,own,2,skilled,1,none,yes,0
577,0 to 200,12,existing paid duly,radio tv,2930,under 100,4 to 7 years,2,female divorced or married,none,1,real estate,27,none,own,1,skilled,1,none,yes,0
578,none,24,critical account,education,1927,unknown,1 to 4 years,3,female divorced or married,none,2,car or other,33,none,own,2,skilled,1,yes,yes,0
579,0 to 200,36,critical account,car new,2820,under 100,under 1 year,4,male divorced,none,4,car or other,27,none,own,2,skilled,1,none,yes,1
580,none,24,existing paid duly,retraining,937,under 100,under 1 year,4,male married or widowed,none,3,car or other,27,none,own,2,unskilled resident,1,none,yes,0
581,0 to 200,18,critical account,car new,1056,under 100,7 plus years,3,male single,guarantor,3,real estate,30,bank,own,2,skilled,1,none,yes,1
582,0 to 200,12,critical account,car new,3124,under 100,under 1 year,1,male single,none,3,real estate,49,bank,own,2,unskilled resident,2,none,yes,0
583,none,9,existing paid duly,furniture,1388,under 100,1 to 4 years,4,female divorced or married,none,2,real estate,26,none,rent,1,skilled,1,none,yes,0
584,0 to 200,36,existing paid duly,repairs,2384,under 100,under 1 year,4,male single,none,1,none,33,none,rent,1,unskilled resident,1,none,yes,1
585,none,12,existing paid duly,car new,2133,unknown,7 plus years,4,female divorced or married,none,4,none,52,none,free,1,management or self-employed,1,yes,yes,0
586,negative,18,existing paid duly,furniture,2039,under 100,1 to 4 years,1,female divorced or married,none,4,real estate,20,bank,rent,1,skilled,1,none,yes,1
587,negative,9,critical account,car new,2799,under 100,1 to 4 years,2,male single,none,2,real estate,36,none,rent,2,skilled,2,none,yes,0
588,negative,12,existing paid duly,furniture,1289,under 100,1 to 4 years,4,male single,guarantor,1,savings or insurance,21,none,own,1,unskilled resident,1,none,yes,0
589,negative,18,existing paid duly,appliances,1217,under 100,1 to 4 years,4,male married or widowed,none,3,real estate,47,none,own,1,unskilled resident,1,yes,yes,1
590,negative,12,critical account,furniture,2246,under 100,7 plus years,3,male single,none,3,savings or insurance,60,none,own,2,skilled,1,none,yes,1
591,negative,12,critical account,radio tv,385,under 100,4 to 7 years,4,female divorced or married,none,3,real estate,58,none,own,4,unskilled resident,1,yes,yes,0
592,0 to 200,24,past delays,car new,1965,unknown,1 to 4 years,4,female divorced or married,none,4,car or other,42,none,rent,2,skilled,1,yes,yes,0
593,none,21,existing paid duly,business,1572,1000 plus,7 plus years,4,female divorced or married,none,4,real estate,36,bank,own,1,unskilled resident,1,none,yes,0
594,0 to 200,24,existing paid duly,car new,2718,under 100,1 to 4 years,3,female divorced or married,none,4,savings or insurance,20,none,rent,1,unskilled resident,1,yes,yes,1
595,negative,24,all paid at this bank,other,1358,unknown,7 plus years,4,male single,none,3,car or other,40,stores,own,1,management or self-employed,1,yes,yes,1
596,0 to 200,6,all paid at this bank,car new,931,100 to 500,under 1 year,1,female divorced or married,none,1,savings or insurance,32,stores,own,1,unskilled resident,1,none,yes,1
597,negative,24,existing paid duly,car new,1442,under 100,4 to 7 years,4,female divorced or married,none,4,car or other,23,none,rent,2,skilled,1,none,yes,1
598,0 to 200,24,no credits taken,business,4241,under 100,1 to 4 years,1,male single,none,4,real estate,36,none,own,3,unskilled resident,1,yes,yes,1
599,none,18,critical account,car new,2775,under 100,4 to 7 years,2,male single,none,2,savings or insurance,31,bank,own,2,skilled,1,none,yes,1
600,none,24,past delays,business,3863,under 100,1 to 4 years,1,male single,none,2,none,32,none,free,1,skilled,1,none,yes,0
601,0 to 200,7,existing paid duly,radio tv,2329,under 100,under 1 year,1,female divorced or married,guarantor,1,real estate,45,none,own,1,skilled,1,none,yes,0
602,0 to 200,9,existing paid duly,furniture,918,under 100,1 to 4 years,4,female divorced or married,none,1,savings or insurance,30,none,own,1,skilled,1,none,yes,1
603,0 to 200,24,all paid at this bank,education,1837,under 100,4 to 7 years,4,female divorced or married,none,4,none,34,bank,free,1,unskilled resident,1,none,yes,1
604,none,36,existing paid duly,furniture,3349,under 100,1 to 4 years,4,female divorced or married,none,2,car or other,28,none,own,1,management or self-employed,1,yes,yes,1
605,200 plus,10,existing paid duly,furniture,1275,under 100,under 1 year,4,female divorced or married,none,2,savings or insurance,23,none,own,1,skilled,1,none,yes,0
606,negative,24,all paid at this bank,furniture,2828,500 to 1000,1 to 4 years,4,male single,none,4,real estate,22,stores,own,1,skilled,1,yes,yes,0
607,none,24,critical account,business,4526,under 100,1 to 4 years,3,male single,none,2,real estate,74,none,own,1,management or self-employed,1,yes,yes,0
608,0 to 200,36,existing paid duly,radio tv,2671,100 to 500,1 to 4 years,4,female divorced or married,co-applicant,4,none,50,none,free,1,skilled,1,none,yes,1
609,none,18,existing paid duly,radio tv,2051,under 100,under 1 year,4,male single,none,1,real estate,33,none,own,1,skilled,1,none,yes,0
610,none,15,existing paid duly,car used,1300,unknown,7 plus years,4,male single,none,4,none,45,bank,free,1,skilled,2,none,yes,0
611,negative,12,existing paid duly,appliances,741,100 to 500,unemployed,4,female divorced or married,none,3,savings or insurance,22,none,own,1,skilled,1,none,yes,1
612,200 plus,10,existing paid duly,car new,1240,100 to 500,7 plus years,1,female divorced or married,none,4,none,48,none,free,1,unskilled resident,2,none,yes,1
613,negative,21,existing paid duly,radio tv,3357,1000 plus,under 1 year,4,female divorced or married,none,2,car or other,29,bank,own,1,skilled,1,none,yes,0
614,negative,24,all paid at this bank,car used,3632,under 100,1 to 4 years,1,female divorced or married,guarantor,4,car or other,22,bank,rent,1,skilled,1,none,no,0
615,none,18,past delays,furniture,1808,under 100,4 to 7 years,4,female divorced or married,none,1,real estate,22,none,own,1,skilled,1,none,yes,1
616,0 to 200,48,no credits taken,business,12204,unknown,1 to 4 years,2,male single,none,2,car or other,48,bank,own,1,management or self-employed,1,yes,yes,0
617,0 to 200,60,past delays,radio tv,9157,unknown,1 to 4 years,2,male single,none,2,none,27,none,free,1,management or self-employed,1,none,yes,0
618,negative,6,critical account,car new,3676,under 100,1 to 4 years,1,male single,none,3,real estate,37,none,rent,3,skilled,2,none,yes,0
619,0 to 200,30,existing paid duly,furniture,3441,100 to 500,1 to 4 years,2,female divorced or married,co-applicant,4,car or other,21,none,rent,1,skilled,1,none,yes,1
620,none,12,existing paid duly,car new,640,under 100,1 to 4 years,4,male divorced,none,2,real estate,49,none,own,1,unskilled resident,1,none,yes,0
621,0 to 200,21,critical account,business,3652,under 100,4 to 7 years,2,male single,none,3,savings or insurance,27,none,own,2,skilled,1,none,yes,0
622,none,18,critical account,car new,1530,under 100,1 to 4 years,3,male single,none,2,savings or insurance,32,bank,own,2,skilled,1,none,yes,1
623,none,48,existing paid duly,business,3914,unknown,1 to 4 years,4,male divorced,none,2,real estate,38,bank,own,1,skilled,1,none,yes,1
624,negative,12,existing paid duly,furniture,1858,under 100,under 1 year,4,female divorced or married,none,1,car or other,22,none,rent,1,skilled,1,none,yes,0
625,negative,18,existing paid duly,radio tv,2600,under 100,1 to 4 years,4,male single,none,4,none,65,none,free,2,skilled,1,none,yes,1
626,none,15,existing paid duly,radio tv,1979,unknown,7 plus years,4,male single,none,2,car or other,35,none,own,1,skilled,1,none,yes,0
627,200 plus,6,existing paid duly,furniture,2116,under 100,1 to 4 years,2,male single,none,2,real estate,41,none,own,1,skilled,1,yes,yes,0
628,0 to 200,9,all paid at this bank,car new,1437,100 to 500,4 to 7 years,2,male single,none,3,none,29,none,own,1,skilled,1,none,yes,1
629,none,42,critical account,furniture,4042,500 to 1000,1 to 4 years,4,male single,none,4,real estate,36,none,own,2,skilled,1,yes,yes,0
630,none,9,existing paid duly,education,3832,unknown,7 plus years,1,male single,none,4,real estate,64,none,own,1,unskilled resident,1,none,yes,0
631,negative,24,existing paid duly,radio tv,3660,under 100,1 to 4 years,2,female divorced or married,none,4,car or other,28,none,own,1,skilled,1,none,yes,0
632,negative,18,all paid at this bank,furniture,1553,under 100,1 to 4 years,4,male single,none,3,car or other,44,bank,own,1,skilled,1,none,yes,1
633,0 to 200,15,existing paid duly,radio tv,1444,unknown,under 1 year,4,male single,none,1,savings or insurance,23,none,own,1,skilled,1,none,yes,0
634,none,9,existing paid duly,furniture,1980,under 100,under 1 year,2,female divorced or married,co-applicant,2,car or other,19,none,rent,2,skilled,1,none,yes,1
635,0 to 200,24,existing paid duly,car new,1355,under 100,under 1 year,3,female divorced or married,none,4,car or other,25,none,own,1,unskilled resident,1,yes,yes,1
636,none,12,existing paid duly,education,1393,under 100,7 plus years,4,male single,none,4,savings or insurance,47,bank,own,3,skilled,2,yes,yes,0
637,none,24,existing paid duly,radio tv,1376,500 to 1000,4 to 7 years,4,female divorced or married,none,1,car or other,28,none,own,1,skilled,1,none,yes,0
638,none,60,past delays,radio tv,15653,under 100,4 to 7 years,2,male single,none,4,car or other,21,none,own,2,skilled,1,yes,yes,0
639,none,12,existing paid duly,radio tv,1493,under 100,under 1 year,4,female divorced or married,none,3,car or other,34,none,own,1,skilled,2,none,yes,0
640,negative,42,past delays,radio tv,4370,under 100,4 to 7 years,3,male single,none,2,savings or insurance,26,bank,own,2,skilled,2,yes,yes,1
641,negative,18,existing paid duly,education,750,under 100,unemployed,4,female divorced or married,none,1,real estate,27,none,own,1,unskilled non-resident,1,none,yes,1
642,0 to 200,15,existing paid duly,repairs,1308,under 100,7 plus years,4,male single,none,4,car or other,38,none,own,2,unskilled resident,1,none,yes,0
643,none,15,existing paid duly,education,4623,100 to 500,1 to 4 years,3,male single,none,2,savings or insurance,40,none,own,1,management or self-employed,1,yes,yes,1
644,none,24,critical account,radio tv,1851,under 100,4 to 7 years,4,male married or widowed,guarantor,2,car or other,33,none,own,2,skilled,1,yes,yes,0
645,negative,18,critical account,radio tv,1880,under 100,4 to 7 years,4,male married or widowed,none,1,savings or insurance,32,none,own,2,management or self-employed,1,yes,yes,0
646,none,36,past delays,business,7980,unknown,under 1 year,4,male single,none,4,car or other,27,none,rent,2,skilled,1,yes,yes,1
647,negative,30,no credits taken,furniture,4583,under 100,1 to 4 years,2,male divorced,guarantor,2,real estate,32,none,own,2,skilled,1,none,yes,0
648,none,12,existing paid duly,car new,1386,500 to 1000,1 to 4 years,2,female divorced or married,none,2,savings or insurance,26,none,own,1,skilled,1,none,yes,1
649,200 plus,24,existing paid duly,car new,947,under 100,4 to 7 years,4,male single,none,3,none,38,bank,free,1,skilled,2,none,yes,1
650,negative,12,existing paid duly,education,684,under 100,1 to 4 years,4,male single,none,4,car or other,40,none,rent,1,unskilled resident,2,none,yes,1
651,negative,48,existing paid duly,education,7476,under 100,4 to 7 years,4,male single,none,1,none,50,none,free,1,management or self-employed,1,yes,yes,0
652,0 to 200,12,existing paid duly,furniture,1922,under 100,1 to 4 years,4,male single,none,2,savings or insurance,37,none,own,1,unskilled resident,1,none,yes,1
653,negative,24,existing paid duly,car new,2303,under 100,7 plus years,4,male single,co-applicant,1,real estate,45,none,own,1,skilled,1,none,yes,1
654,0 to 200,36,past delays,car new,8086,100 to 500,7 plus years,2,male single,none,4,car or other,42,none,own,4,management or self-employed,1,yes,yes,1
655,none,24,critical account,car used,2346,under 100,4 to 7 years,4,male single,none,3,car or other,35,none,own,2,skilled,1,yes,yes,0
656,negative,14,existing paid duly,car new,3973,under 100,unemployed,1,male single,none,4,none,22,none,free,1,skilled,1,none,yes,0
657,0 to 200,12,existing paid duly,car new,888,under 100,7 plus years,4,male single,none,4,car or other,41,bank,own,1,unskilled resident,2,none,yes,1
658,none,48,existing paid duly,radio tv,10222,unknown,4 to 7 years,4,male single,none,3,car or other,37,stores,own,1,skilled,1,yes,yes,0
659,0 to 200,30,no credits taken,business,4221,under 100,1 to 4 years,2,female divorced or married,none,1,car or other,28,none,own,2,skilled,1,none,yes,0
660,0 to 200,18,critical account,furniture,6361,under 100,7 plus years,2,male single,none,1,none,41,none,own,1,skilled,1,yes,yes,0
661,200 plus,12,existing paid duly,radio tv,1297,under 100,1 to 4 years,3,male married or widowed,none,4,real estate,23,none,rent,1,skilled,1,none,yes,0
662,negative,12,existing paid duly,car new,900,unknown,1 to 4 years,4,male married or widowed,none,2,car or other,23,none,own,1,skilled,1,none,yes,1
663,none,21,existing paid duly,furniture,2241,under 100,7 plus years,4,male single,none,2,real estate,50,none,own,2,skilled,1,none,yes,0
664,0 to 200,6,past delays,furniture,1050,under 100,unemployed,4,male single,none,1,savings or insurance,35,stores,own,2,management or self-employed,1,yes,yes,0
665,200 plus,6,critical account,education,1047,under 100,1 to 4 years,2,female divorced or married,none,4,savings or insurance,50,none,own,1,unskilled resident,1,none,yes,0
666,none,24,critical account,other,6314,under 100,unemployed,4,male single,co-applicant,2,none,27,bank,own,2,management or self-employed,1,yes,yes,0
667,0 to 200,30,all paid at this bank,furniture,3496,1000 plus,1 to 4 years,4,male single,none,2,car or other,34,stores,own,1,skilled,2,yes,yes,0
668,none,48,all paid at this bank,business,3609,under 100,1 to 4 years,1,female divorced or married,none,1,real estate,27,stores,own,1,skilled,1,none,yes,0
669,negative,12,critical account,car new,4843,under 100,7 plus years,3,male single,co-applicant,4,savings or insurance,43,none,rent,2,skilled,1,yes,yes,1
670,200 plus,30,critical account,radio tv,3017,under 100,7 plus years,4,male single,none,4,savings or insurance,47,none,own,1,skilled,1,none,yes,0
671,none,24,critical account,business,4139,100 to 500,1 to 4 years,3,male single,none,3,savings or insurance,27,none,own,2,unskilled resident,1,yes,yes,0
672,none,36,existing paid duly,business,5742,100 to 500,4 to 7 years,2,male single,none,2,car or other,31,none,own,2,skilled,1,yes,yes,0
673,none,60,existing paid duly,car new,10366,under 100,7 plus years,2,male single,none,4,savings or insurance,42,none,own,1,management or self-employed,1,yes,yes,0
674,none,6,critical account,car new,2080,500 to 1000,1 to 4 years,1,male married or widowed,none,2,car or other,24,none,own,1,skilled,1,none,yes,0
675,none,21,past delays,business,2580,500 to 1000,under 1 year,4,male single,none,2,real estate,41,bank,own,1,unskilled resident,2,none,yes,1
676,none,30,critical account,radio tv,4530,under 100,4 to 7 years,4,female divorced or married,none,4,car or other,26,none,rent,1,management or self-employed,1,yes,yes,0
677,none,24,critical account,furniture,5150,under 100,7 plus years,4,male single,none,4,car or other,33,none,own,1,skilled,1,yes,yes,0
678,0 to 200,72,existing paid duly,radio tv,5595,100 to 500,1 to 4 years,2,male married or widowed,none,2,car or other,24,none,own,1,skilled,1,none,yes,1
679,negative,24,existing paid duly,radio tv,2384,under 100,7 plus years,4,male single,none,4,real estate,64,bank,rent,1,unskilled resident,1,none,yes,0
680,none,18,existing paid duly,radio tv,1453,under 100,under 1 year,3,female divorced or married,none,1,real estate,26,none,own,1,skilled,1,none,yes,0
681,none,6,existing paid duly,education,1538,under 100,under 1 year,1,female divorced or married,none,2,none,56,none,own,1,skilled,1,none,yes,0
682,none,12,existing paid duly,radio tv,2279,unknown,1 to 4 years,4,male single,none,4,none,37,none,free,1,skilled,1,yes,yes,0
683,none,15,past delays,radio tv,1478,under 100,1 to 4 years,4,male married or widowed,none,3,real estate,33,bank,own,2,skilled,1,none,yes,0
684,none,24,critical account,radio tv,5103,under 100,under 1 year,3,male married or widowed,none,3,none,47,none,free,3,skilled,1,yes,yes,0
685,0 to 200,36,past delays,business,9857,100 to 500,4 to 7 years,1,male single,none,3,savings or insurance,31,none,own,2,unskilled resident,2,yes,yes,0
686,none,60,existing paid duly,car new,6527,unknown,1 to 4 years,4,male single,none,4,none,34,none,free,1,skilled,2,yes,yes,0
687,200 plus,10,critical account,radio tv,1347,unknown,4 to 7 years,4,male single,none,2,savings or insurance,27,none,own,2,skilled,1,yes,yes,0
688,0 to 200,36,past delays,car new,2862,100 to 500,7 plus years,4,male single,none,3,none,30,none,free,1,skilled,1,none,yes,0
689,none,9,existing paid duly,radio tv,2753,100 to 500,7 plus years,3,male single,co-applicant,4,car or other,35,none,own,1,skilled,1,yes,yes,0
690,negative,12,existing paid duly,car new,3651,1000 plus,1 to 4 years,1,male single,none,3,savings or insurance,31,none,own,1,skilled,2,none,yes,0
691,negative,15,critical account,furniture,975,under 100,1 to 4 years,2,male divorced,none,3,savings or insurance,25,none,own,2,skilled,1,none,yes,0
692,0 to 200,15,existing paid duly,repairs,2631,100 to 500,1 to 4 years,3,female divorced or married,none,2,real estate,25,none,own,1,unskilled resident,1,none,yes,0
693,0 to 200,24,existing paid duly,radio tv,2896,100 to 500,under 1 year,2,male single,none,1,car or other,29,none,own,1,skilled,1,none,yes,0
694,negative,6,critical account,car new,4716,unknown,under 1 year,1,male single,none,3,real estate,44,none,own,2,unskilled resident,2,none,yes,0
695,none,24,existing paid duly,radio tv,2284,under 100,4 to 7 years,4,male single,none,2,car or other,28,none,own,1,skilled,1,yes,yes,0
696,none,6,existing paid duly,car used,1236,500 to 1000,1 to 4 years,2,male single,none,4,savings or insurance,50,none,rent,1,skilled,1,none,yes,0
697,0 to 200,12,existing paid duly,radio tv,1103,under 100,4 to 7 years,4,male single,guarantor,3,real estate,29,none,own,2,skilled,1,none,no,0
698,none,12,critical account,car new,926,under 100,unemployed,1,female divorced or married,none,2,savings or insurance,38,none,own,1,unskilled non-resident,1,none,yes,0
699,none,18,critical account,radio tv,1800,under 100,1 to 4 years,4,male single,none,2,car or other,24,none,own,2,skilled,1,none,yes,0
700,200 plus,15,existing paid duly,education,1905,under 100,7 plus years,4,male single,none,4,car or other,40,none,rent,1,management or self-employed,1,yes,yes,0
701,none,12,existing paid duly,furniture,1123,500 to 1000,1 to 4 years,4,female divorced or married,none,4,car or other,29,none,rent,1,unskilled resident,1,none,yes,1
702,negative,48,critical account,car used,6331,under 100,7 plus years,4,male single,none,4,none,46,none,free,2,skilled,1,yes,yes,1
703,200 plus,24,existing paid duly,radio tv,1377,100 to 500,7 plus years,4,female divorced or married,none,2,none,47,none,free,1,skilled,1,yes,yes,0
704,0 to 200,30,past delays,business,2503,100 to 500,7 plus years,4,male single,none,2,savings or insurance,41,stores,own,2,skilled,1,none,yes,0
705,0 to 200,27,existing paid duly,business,2528,under 100,under 1 year,4,female divorced or married,none,1,savings or insurance,32,none,own,1,skilled,2,yes,yes,0
706,none,15,existing paid duly,car new,5324,500 to 1000,7 plus years,1,female divorced or married,none,4,none,35,none,free,1,skilled,1,none,yes,0
707,0 to 200,48,existing paid duly,car new,6560,100 to 500,4 to 7 years,3,male single,none,2,savings or insurance,24,none,own,1,skilled,1,none,yes,1
708,0 to 200,12,no credits taken,furniture,2969,under 100,under 1 year,4,female divorced or married,none,3,savings or insurance,25,none,rent,2,skilled,1,none,yes,1
709,0 to 200,9,existing paid duly,radio tv,1206,under 100,7 plus years,4,female divorced or married,none,4,real estate,25,none,own,1,skilled,1,none,yes,0
710,0 to 200,9,existing paid duly,radio tv,2118,under 100,1 to 4 years,2,male single,none,2,real estate,37,none,own,1,unskilled resident,2,none,yes,0
711,none,18,critical account,radio tv,629,500 to 1000,7 plus years,4,male single,none,3,savings or insurance,32,bank,own,2,management or self-employed,1,yes,yes,0
712,negative,6,all paid at this bank,education,1198,under 100,7 plus years,4,female divorced or married,none,4,none,35,none,free,1,skilled,1,none,yes,1
713,none,21,existing paid duly,car used,2476,unknown,7 plus years,4,male single,none,4,real estate,46,none,own,1,management or self-employed,1,yes,yes,0
714,negative,9,critical account,radio tv,1138,under 100,1 to 4 years,4,male single,none,4,real estate,25,none,own,2,unskilled resident,1,none,yes,0
715,0 to 200,60,existing paid duly,car new,14027,under 100,4 to 7 years,4,male single,none,2,none,27,none,own,1,management or self-employed,1,yes,yes,1
716,none,30,critical account,car used,7596,unknown,7 plus years,1,male single,none,4,car or other,63,none,own,2,skilled,1,none,yes,0
717,none,30,critical account,radio tv,3077,unknown,7 plus years,3,male single,none,2,car or other,40,none,own,2,skilled,2,yes,yes,0
718,none,18,existing paid duly,radio tv,1505,under 100,1 to 4 years,4,male single,none,2,none,32,none,free,1,management or self-employed,1,yes,yes,0
719,200 plus,24,critical account,radio tv,3148,unknown,1 to 4 years,3,male single,none,2,car or other,31,none,own,2,skilled,1,yes,yes,0
720,0 to 200,20,no credits taken,car used,6148,100 to 500,7 plus years,3,male married or widowed,none,4,car or other,31,bank,own,2,skilled,1,yes,yes,0
721,200 plus,9,no credits taken,radio tv,1337,under 100,under 1 year,4,male single,none,2,car or other,34,none,own,2,management or self-employed,1,yes,yes,1
722,0 to 200,6,all paid at this bank,education,433,1000 plus,under 1 year,4,female divorced or married,none,2,savings or insurance,24,bank,rent,1,skilled,2,none,yes,1
723,negative,12,existing paid duly,car new,1228,under 100,1 to 4 years,4,female divorced or married,none,2,real estate,24,none,own,1,unskilled resident,1,none,yes,1
724,0 to 200,9,existing paid duly,radio tv,790,500 to 1000,1 to 4 years,4,female divorced or married,none,3,real estate,66,none,own,1,unskilled resident,1,none,yes,0
725,none,27,existing paid duly,car new,2570,under 100,1 to 4 years,3,female divorced or married,none,3,real estate,21,none,rent,1,skilled,1,none,yes,1
726,none,6,critical account,car new,250,1000 plus,1 to 4 years,2,female divorced or married,none,2,real estate,41,bank,own,2,unskilled resident,1,none,yes,0
727,none,15,critical account,radio tv,1316,500 to 1000,1 to 4 years,2,male married or widowed,none,2,savings or insurance,47,none,own,2,unskilled resident,1,none,yes,0
728,negative,18,existing paid duly,radio tv,1882,under 100,1 to 4 years,4,female divorced or married,none,4,car or other,25,bank,rent,2,skilled,1,none,yes,1
729,0 to 200,48,all paid at this bank,business,6416,under 100,7 plus years,4,female divorced or married,none,3,none,59,none,rent,1,skilled,1,none,yes,1
730,200 plus,24,critical account,business,1275,1000 plus,1 to 4 years,2,male divorced,none,4,real estate,36,none,own,2,skilled,1,yes,yes,0
731,0 to 200,24,past delays,radio tv,6403,under 100,under 1 year,1,male single,none,2,car or other,33,none,own,1,skilled,1,none,yes,0
732,negative,24,existing paid duly,radio tv,1987,under 100,1 to 4 years,2,male single,none,4,real estate,21,none,rent,1,unskilled resident,2,none,yes,1
733,0 to 200,8,existing paid duly,radio tv,760,under 100,4 to 7 years,4,female divorced or married,guarantor,2,real estate,44,none,own,1,unskilled resident,1,none,yes,0
734,none,24,existing paid duly,car used,2603,1000 plus,1 to 4 years,2,female divorced or married,none,4,car or other,28,none,rent,1,skilled,1,yes,yes,0
735,none,4,critical account,car new,3380,under 100,4 to 7 years,1,female divorced or married,none,1,real estate,37,none,own,1,skilled,2,none,yes,0
736,0 to 200,36,all paid at this bank,appliances,3990,unknown,under 1 year,3,female divorced or married,none,2,none,29,bank,own,1,unskilled non-resident,1,none,yes,0
737,0 to 200,24,existing paid duly,car used,11560,under 100,1 to 4 years,1,female divorced or married,none,4,car or other,23,none,rent,2,management or self-employed,1,none,yes,1
738,negative,18,existing paid duly,car new,4380,100 to 500,1 to 4 years,3,male single,none,4,car or other,35,none,own,1,unskilled resident,2,yes,yes,0
739,none,6,critical account,car new,6761,under 100,4 to 7 years,1,male single,none,3,none,45,none,own,2,management or self-employed,2,yes,yes,0
740,0 to 200,30,no credits taken,business,4280,100 to 500,1 to 4 years,4,female divorced or married,none,4,car or other,26,none,rent,2,unskilled resident,1,none,yes,1
741,negative,24,all paid at this bank,car new,2325,100 to 500,4 to 7 years,2,male single,none,3,car or other,32,bank,own,1,skilled,1,none,yes,0
742,0 to 200,10,all paid at this bank,radio tv,1048,under 100,1 to 4 years,4,male single,none,4,real estate,23,stores,own,1,unskilled resident,1,none,yes,0
743,none,21,existing paid duly,radio tv,3160,unknown,7 plus years,4,male single,none,3,savings or insurance,41,none,own,1,skilled,1,yes,yes,0
744,negative,24,all paid at this bank,furniture,2483,500 to 1000,1 to 4 years,4,male single,none,4,real estate,22,stores,own,1,skilled,1,yes,yes,0
745,negative,39,critical account,furniture,14179,unknown,4 to 7 years,4,male single,none,4,savings or insurance,30,none,own,2,management or self-employed,1,yes,yes,0
746,negative,13,critical account,business,1797,under 100,under 1 year,3,male single,none,1,savings or insurance,28,bank,own,2,unskilled resident,1,none,yes,0
747,negative,15,existing paid duly,car new,2511,under 100,unemployed,1,female divorced or married,none,4,car or other,23,none,rent,1,skilled,1,none,yes,0
748,negative,12,existing paid duly,car new,1274,under 100,under 1 year,3,female divorced or married,none,1,real estate,37,none,own,1,unskilled resident,1,none,yes,1
749,none,21,existing paid duly,car used,5248,unknown,1 to 4 years,1,male single,none,3,car or other,26,none,own,1,skilled,1,none,yes,0
750,none,15,existing paid duly,car used,3029,under 100,4 to 7 years,2,male single,none,2,car or other,33,none,own,1,skilled,1,none,yes,0
751,negative,6,existing paid duly,furniture,428,under 100,7 plus years,2,female divorced or married,none,1,savings or insurance,49,bank,own,1,skilled,1,yes,yes,0
752,negative,18,existing paid duly,car new,976,under 100,under 1 year,1,female divorced or married,none,2,car or other,23,none,own,1,unskilled resident,1,none,yes,1
753,0 to 200,12,existing paid duly,business,841,100 to 500,4 to 7 years,2,female divorced or married,none,4,real estate,23,none,rent,1,unskilled resident,1,none,yes,0
754,none,30,critical account,radio tv,5771,under 100,4 to 7 years,4,female divorced or married,none,2,car or other,25,none,own,2,skilled,1,none,yes,0
755,none,12,past delays,repairs,1555,1000 plus,7 plus years,4,male single,none,4,none,55,none,free,2,skilled,2,none,yes,1
756,negative,24,existing paid duly,car new,1285,unknown,4 to 7 years,4,female divorced or married,none,4,none,32,none,rent,1,skilled,1,none,yes,1
757,200 plus,6,critical account,car new,1299,under 100,1 to 4 years,1,male single,none,1,real estate,74,none,own,3,unskilled non-resident,2,none,no,0
758,200 plus,15,critical account,radio tv,1271,unknown,1 to 4 years,3,male single,none,4,none,39,none,free,2,skilled,1,yes,yes,1
759,none,24,existing paid duly,car new,1393,under 100,1 to 4 years,2,male single,guarantor,2,real estate,31,none,own,1,skilled,1,yes,yes,0
760,negative,12,critical account,car new,691,under 100,7 plus years,4,male single,none,3,savings or insurance,35,none,own,2,skilled,1,none,yes,1
761,none,15,critical account,car new,5045,unknown,7 plus years,1,female divorced or married,none,4,car or other,59,none,own,1,skilled,1,yes,yes,0
762,negative,18,critical account,furniture,2124,under 100,1 to 4 years,4,female divorced or married,none,4,real estate,24,none,rent,2,skilled,1,none,yes,1
763,negative,12,existing paid duly,radio tv,2214,under 100,1 to 4 years,4,male single,none,3,savings or insurance,24,none,own,1,unskilled resident,1,none,yes,0
764,none,21,critical account,car new,12680,unknown,7 plus years,4,male single,none,4,none,30,none,free,1,management or self-employed,1,yes,yes,1
765,none,24,critical account,car new,2463,100 to 500,4 to 7 years,4,male married or widowed,none,3,savings or insurance,27,none,own,2,skilled,1,yes,yes,0
766,0 to 200,12,existing paid duly,radio tv,1155,under 100,7 plus years,3,male married or widowed,guarantor,3,real estate,40,bank,own,2,unskilled resident,1,none,yes,0
767,negative,30,existing paid duly,furniture,3108,under 100,under 1 year,2,male divorced,none,4,savings or insurance,31,none,own,1,unskilled resident,1,none,yes,1
768,none,10,existing paid duly,car used,2901,unknown,under 1 year,1,female divorced or married,none,4,real estate,31,none,rent,1,skilled,1,none,yes,0
769,0 to 200,12,critical account,furniture,3617,under 100,7 plus years,1,male single,none,4,car or other,28,none,rent,3,skilled,1,yes,yes,0
770,none,12,critical account,radio tv,1655,under 100,7 plus years,2,male single,none,4,real estate,63,none,own,2,unskilled resident,1,yes,yes,0
771,negative,24,existing paid duly,car used,2812,unknown,7 plus years,2,female divorced or married,none,4,real estate,26,none,rent,1,skilled,1,none,yes,0
772,negative,36,critical account,education,8065,under 100,1 to 4 years,3,female divorced or married,none,2,none,25,none,own,2,management or self-employed,1,yes,yes,1
773,none,21,critical account,car used,3275,under 100,7 plus years,1,male single,none,4,car or other,36,none,own,1,management or self-employed,1,yes,yes,0
774,none,24,critical account,radio tv,2223,100 to 500,7 plus years,4,male single,none,4,savings or insurance,52,bank,own,2,skilled,1,none,yes,0
775,200 plus,12,critical account,car new,1480,500 to 1000,unemployed,2,male single,none,4,none,66,bank,free,3,unskilled non-resident,1,none,yes,0
776,negative,24,existing paid duly,car new,1371,unknown,1 to 4 years,4,female divorced or married,none,4,real estate,25,none,rent,1,skilled,1,none,yes,1
777,none,36,critical account,car new,3535,under 100,4 to 7 years,4,male single,none,4,car or other,37,none,own,2,skilled,1,yes,yes,0
778,negative,18,existing paid duly,radio tv,3509,under 100,4 to 7 years,4,female divorced or married,guarantor,1,real estate,25,none,own,1,skilled,1,none,yes,0
779,none,36,critical account,car used,5711,1000 plus,7 plus years,4,male single,none,2,car or other,38,none,own,2,management or self-employed,1,yes,yes,0
780,0 to 200,18,existing paid duly,repairs,3872,under 100,unemployed,2,female divorced or married,none,4,car or other,67,none,own,1,skilled,1,yes,yes,0
781,0 to 200,39,critical account,radio tv,4933,under 100,4 to 7 years,2,male single,guarantor,2,real estate,25,none,own,2,skilled,1,none,yes,1
782,none,24,critical account,car new,1940,1000 plus,7 plus years,4,male single,none,4,real estate,60,none,own,1,skilled,1,yes,yes,0
783,0 to 200,12,no credits taken,retraining,1410,under 100,1 to 4 years,2,male single,none,2,real estate,31,none,own,1,unskilled resident,1,yes,yes,0
784,0 to 200,12,existing paid duly,car new,836,100 to 500,under 1 year,4,female divorced or married,none,2,savings or insurance,23,bank,own,1,unskilled resident,1,none,yes,1
785,0 to 200,20,existing paid duly,car used,6468,unknown,unemployed,1,male divorced,none,4,real estate,60,none,own,1,management or self-employed,1,yes,yes,0
786,0 to 200,18,existing paid duly,business,1941,1000 plus,1 to 4 years,4,male single,none,2,savings or insurance,35,none,own,1,unskilled resident,1,yes,yes,0
787,none,22,existing paid duly,radio tv,2675,500 to 1000,7 plus years,3,male single,none,4,car or other,40,none,own,1,skilled,1,none,yes,0
788,none,48,critical account,car used,2751,unknown,7 plus years,4,male single,none,3,car or other,38,none,own,2,skilled,2,yes,yes,0
789,0 to 200,48,past delays,education,6224,under 100,7 plus years,4,male single,none,4,none,50,none,free,1,skilled,1,none,yes,1
790,negative,40,critical account,education,5998,under 100,1 to 4 years,4,male single,none,3,none,27,bank,own,1,skilled,1,yes,yes,1
791,0 to 200,21,existing paid duly,business,1188,under 100,7 plus years,2,female divorced or married,none,4,savings or insurance,39,none,own,1,skilled,2,none,yes,1
792,none,24,existing paid duly,car used,6313,unknown,7 plus years,3,male single,none,4,car or other,41,none,own,1,management or self-employed,2,yes,yes,0
793,none,6,critical account,furniture,1221,unknown,1 to 4 years,1,male married or widowed,none,2,savings or insurance,27,none,own,2,skilled,1,none,yes,0
794,200 plus,24,existing paid duly,furniture,2892,under 100,7 plus years,3,male divorced,none,4,none,51,none,free,1,skilled,1,none,yes,0
795,none,24,existing paid duly,furniture,3062,500 to 1000,7 plus years,4,male single,none,3,none,32,none,rent,1,skilled,1,yes,yes,0
796,none,9,existing paid duly,furniture,2301,100 to 500,under 1 year,2,female divorced or married,none,4,savings or insurance,22,none,rent,1,skilled,1,none,yes,0
797,negative,18,existing paid duly,car used,7511,unknown,7 plus years,1,male single,none,4,savings or insurance,51,none,free,1,skilled,2,yes,yes,1
798,none,12,critical account,furniture,1258,under 100,under 1 year,2,female divorced or married,none,4,savings or insurance,22,none,rent,2,unskilled resident,1,none,yes,0
799,none,24,past delays,car new,717,unknown,7 plus years,4,male married or widowed,none,4,car or other,54,none,own,2,skilled,1,yes,yes,0
800,0 to 200,9,existing paid duly,car new,1549,unknown,under 1 year,4,male single,none,2,real estate,35,none,own,1,unskilled non-resident,1,none,yes,0
801,none,24,critical account,education,1597,under 100,7 plus years,4,male single,none,4,none,54,none,free,2,skilled,2,none,yes,0
802,0 to 200,18,critical account,radio tv,1795,under 100,7 plus years,3,female divorced or married,guarantor,4,real estate,48,bank,rent,2,unskilled resident,1,yes,yes,0
803,negative,20,critical account,furniture,4272,under 100,7 plus years,1,female divorced or married,none,4,savings or insurance,24,none,own,2,skilled,1,none,yes,0
804,none,12,critical account,radio tv,976,unknown,7 plus years,4,male single,none,4,car or other,35,none,own,2,skilled,1,none,yes,0
805,0 to 200,12,existing paid duly,car new,7472,unknown,unemployed,1,female divorced or married,none,2,real estate,24,none,rent,1,unskilled non-resident,1,none,yes,0
806,negative,36,existing paid duly,car new,9271,under 100,4 to 7 years,2,male single,none,1,car or other,24,none,own,1,skilled,1,yes,yes,1
807,0 to 200,6,existing paid duly,radio tv,590,under 100,under 1 year,3,male married or widowed,none,3,real estate,26,none,own,1,unskilled resident,1,none,no,0
808,none,12,critical account,radio tv,930,unknown,7 plus years,4,male single,none,4,real estate,65,none,own,4,skilled,1,none,yes,0
809,0 to 200,42,all paid at this bank,car used,9283,under 100,unemployed,1,male single,none,2,none,55,bank,free,1,management or self-employed,1,yes,yes,0
810,0 to 200,15,no credits taken,car new,1778,under 100,under 1 year,2,female divorced or married,none,1,real estate,26,none,rent,2,unskilled non-resident,1,none,yes,1
811,0 to 200,8,existing paid duly,business,907,under 100,under 1 year,3,male married or widowed,none,2,real estate,26,none,own,1,skilled,1,yes,yes,0
812,0 to 200,6,existing paid duly,radio tv,484,under 100,4 to 7 years,3,male married or widowed,guarantor,3,real estate,28,bank,own,1,unskilled resident,1,none,yes,0
813,negative,36,critical account,car used,9629,under 100,4 to 7 years,4,male single,none,4,car or other,24,none,own,2,skilled,1,yes,yes,1
814,negative,48,existing paid duly,appliances,3051,under 100,1 to 4 years,3,male single,none,4,car or other,54,none,own,1,skilled,1,none,yes,1
815,negative,48,existing paid duly,car new,3931,under 100,4 to 7 years,4,male single,none,4,none,46,none,free,1,skilled,2,none,yes,1
816,0 to 200,36,past delays,car new,7432,under 100,1 to 4 years,2,female divorced or married,none,2,savings or insurance,54,none,rent,1,skilled,1,none,yes,0
817,none,6,existing paid duly,appliances,1338,500 to 1000,1 to 4 years,1,male divorced,none,4,real estate,62,none,own,1,skilled,1,none,yes,0
818,none,6,critical account,radio tv,1554,under 100,4 to 7 years,1,female divorced or married,none,2,car or other,24,none,rent,2,skilled,1,yes,yes,0
819,negative,36,existing paid duly,other,15857,under 100,unemployed,2,male divorced,co-applicant,3,car or other,43,none,own,1,management or self-employed,1,none,yes,0
820,negative,18,existing paid duly,radio tv,1345,under 100,1 to 4 years,4,male married or widowed,none,3,real estate,26,bank,own,1,skilled,1,none,yes,1
821,none,12,existing paid duly,car new,1101,under 100,1 to 4 years,3,male married or widowed,none,2,real estate,27,none,own,2,skilled,1,yes,yes,0
822,200 plus,12,existing paid duly,radio tv,3016,under 100,1 to 4 years,3,male married or widowed,none,1,car or other,24,none,own,1,skilled,1,none,yes,0
823,negative,36,existing paid duly,furniture,2712,under 100,7 plus years,2,male single,none,2,savings or insurance,41,bank,own,1,skilled,2,none,yes,1
824,negative,8,critical account,car new,731,under 100,7 plus years,4,male single,none,4,real estate,47,none,own,2,unskilled resident,1,none,yes,0
825,none,18,critical account,furniture,3780,under 100,under 1 year,3,male divorced,none,2,car or other,35,none,own,2,management or self-employed,1,yes,yes,0
826,negative,21,critical account,car new,1602,under 100,7 plus years,4,male married or widowed,none,3,car or other,30,none,own,2,skilled,1,yes,yes,0
827,negative,18,critical account,car new,3966,under 100,7 plus years,1,female divorced or married,none,4,real estate,33,bank,rent,3,skilled,1,yes,yes,1
828,none,18,no credits taken,business,4165,under 100,1 to 4 years,2,male single,none,2,car or other,36,stores,own,2,skilled,2,none,yes,1
829,negative,36,existing paid duly,car used,8335,unknown,7 plus years,3,male single,none,4,none,47,none,free,1,skilled,1,none,yes,1
830,0 to 200,48,past delays,business,6681,unknown,1 to 4 years,4,male single,none,4,none,38,none,free,1,skilled,2,yes,yes,0
831,none,24,past delays,business,2375,500 to 1000,1 to 4 years,4,male single,none,2,car or other,44,none,own,2,skilled,2,yes,yes,0
832,negative,18,existing paid duly,car new,1216,under 100,under 1 year,4,female divorced or married,none,3,car or other,23,none,rent,1,skilled,1,yes,yes,1
833,negative,45,no credits taken,business,11816,under 100,7 plus years,2,male single,none,4,car or other,29,none,rent,2,skilled,1,none,yes,1
834,0 to 200,24,existing paid duly,radio tv,5084,unknown,7 plus years,2,female divorced or married,none,4,car or other,42,none,own,1,skilled,1,yes,yes,0
835,200 plus,15,existing paid duly,radio tv,2327,under 100,under 1 year,2,female divorced or married,none,3,real estate,25,none,own,1,unskilled resident,1,none,yes,1
836,negative,12,no credits taken,car new,1082,under 100,1 to 4 years,4,male single,none,4,car or other,48,bank,own,2,skilled,1,none,yes,1
837,none,12,existing paid duly,radio tv,886,unknown,1 to 4 years,4,female divorced or married,none,2,car or other,21,none,own,1,skilled,1,none,yes,0
838,none,4,existing paid duly,furniture,601,under 100,under 1 year,1,female divorced or married,none,3,real estate,23,none,rent,1,unskilled resident,2,none,yes,0
839,negative,24,critical account,car used,2957,under 100,7 plus years,4,male single,none,4,savings or insurance,63,none,own,2,skilled,1,yes,yes,0
840,none,24,critical account,radio tv,2611,under 100,7 plus years,4,male married or widowed,co-applicant,3,real estate,46,none,own,2,skilled,1,none,yes,0
841,negative,36,existing paid duly,furniture,5179,under 100,4 to 7 years,4,male single,none,2,savings or insurance,29,none,own,1,skilled,1,none,yes,1
842,none,21,past delays,car used,2993,under 100,1 to 4 years,3,male single,none,2,real estate,28,stores,own,2,unskilled resident,1,none,yes,0
843,none,18,existing paid duly,repairs,1943,under 100,under 1 year,4,female divorced or married,none,4,real estate,23,none,own,1,skilled,1,none,yes,1
844,none,24,all paid at this bank,business,1559,under 100,4 to 7 years,4,male single,none,4,car or other,50,bank,own,1,skilled,1,yes,yes,0
845,none,18,existing paid duly,furniture,3422,under 100,7 plus years,4,male single,none,4,savings or insurance,47,bank,own,3,skilled,2,yes,yes,0
846,0 to 200,21,existing paid duly,furniture,3976,unknown,4 to 7 years,2,male single,none,3,car or other,35,none,own,1,skilled,1,yes,yes,0
847,none,18,existing paid duly,car new,6761,unknown,1 to 4 years,2,male single,none,4,car or other,68,none,rent,2,skilled,1,none,yes,1
848,none,24,existing paid duly,car new,1249,under 100,under 1 year,4,male married or widowed,none,2,real estate,28,none,own,1,skilled,1,none,yes,0
849,negative,9,existing paid duly,radio tv,1364,under 100,4 to 7 years,3,male single,none,4,real estate,59,none,own,1,skilled,1,none,yes,0
850,negative,12,existing paid duly,radio tv,709,under 100,7 plus years,4,male single,none,4,real estate,57,stores,own,1,unskilled resident,1,none,yes,1
851,negative,20,critical account,car new,2235,under 100,1 to 4 years,4,male married or widowed,guarantor,2,savings or insurance,33,bank,rent,2,skilled,1,none,no,1
852,none,24,critical account,car used,4042,unknown,4 to 7 years,3,male single,none,4,savings or insurance,43,none,own,2,skilled,1,yes,yes,0
853,none,15,critical account,radio tv,1471,under 100,1 to 4 years,4,male single,none,4,none,35,none,free,2,skilled,1,yes,yes,0
854,negative,18,all paid at this bank,car new,1442,under 100,4 to 7 years,4,male single,none,4,none,32,none,free,2,unskilled resident,2,none,yes,1
855,none,36,past delays,car new,10875,under 100,7 plus years,2,male single,none,2,car or other,45,none,own,2,skilled,2,yes,yes,0
856,none,24,existing paid duly,car new,1474,100 to 500,under 1 year,4,male married or widowed,none,3,real estate,33,none,own,1,skilled,1,yes,yes,0
857,none,10,existing paid duly,retraining,894,unknown,4 to 7 years,4,female divorced or married,none,3,savings or insurance,40,none,own,1,skilled,1,yes,yes,0
858,none,15,critical account,furniture,3343,under 100,1 to 4 years,4,male single,none,2,none,28,none,free,1,skilled,1,yes,yes,0
859,negative,15,existing paid duly,car new,3959,under 100,1 to 4 years,3,female divorced or married,none,2,savings or insurance,29,none,own,1,skilled,1,yes,yes,1
860,none,9,existing paid duly,car new,3577,100 to 500,1 to 4 years,1,male single,guarantor,2,real estate,26,none,rent,1,skilled,2,none,no,0
861,none,24,critical account,car used,5804,1000 plus,1 to 4 years,4,male single,none,2,real estate,27,none,own,2,skilled,1,none,yes,0
862,none,18,past delays,business,2169,under 100,1 to 4 years,4,male married or widowed,none,2,car or other,28,none,own,1,skilled,1,yes,yes,1
863,negative,24,existing paid duly,radio tv,2439,under 100,under 1 year,4,female divorced or married,none,4,real estate,35,none,own,1,skilled,1,yes,yes,1
864,none,27,critical account,furniture,4526,1000 plus,under 1 year,4,male single,none,2,real estate,32,stores,own,2,unskilled resident,2,yes,yes,0
865,none,10,existing paid duly,furniture,2210,under 100,1 to 4 years,2,male single,none,2,real estate,25,bank,rent,1,unskilled resident,1,none,yes,1
866,none,15,existing paid duly,furniture,2221,500 to 1000,1 to 4 years,2,female divorced or married,none,4,car or other,20,none,rent,1,skilled,1,none,yes,0
867,negative,18,existing paid duly,radio tv,2389,under 100,under 1 year,4,female divorced or married,none,1,car or other,27,stores,own,1,skilled,1,none,yes,0
868,none,12,critical account,furniture,3331,under 100,7 plus years,2,male single,none,4,savings or insurance,42,stores,own,1,skilled,1,none,yes,0
869,none,36,existing paid duly,business,7409,unknown,7 plus years,3,male single,none,2,savings or insurance,37,none,own,2,skilled,1,none,yes,0
870,negative,12,existing paid duly,furniture,652,under 100,7 plus years,4,female divorced or married,none,4,savings or insurance,24,none,rent,1,skilled,1,none,yes,0
871,none,36,past delays,furniture,7678,500 to 1000,4 to 7 years,2,female divorced or married,none,4,car or other,40,none,own,2,skilled,1,yes,yes,0
872,200 plus,6,critical account,car new,1343,under 100,7 plus years,1,male single,none,4,real estate,46,none,own,2,skilled,2,none,no,0
873,negative,24,critical account,business,1382,100 to 500,4 to 7 years,4,male single,none,1,real estate,26,none,own,2,skilled,1,yes,yes,0
874,none,15,existing paid duly,appliances,874,unknown,under 1 year,4,female divorced or married,none,1,real estate,24,none,own,1,skilled,1,none,yes,0
875,negative,12,existing paid duly,furniture,3590,under 100,1 to 4 years,2,male single,co-applicant,2,savings or insurance,29,none,own,1,unskilled resident,2,none,yes,0
876,0 to 200,11,critical account,car new,1322,1000 plus,1 to 4 years,4,female divorced or married,none,4,car or other,40,none,own,2,skilled,1,none,yes,0
877,negative,18,all paid at this bank,radio tv,1940,under 100,under 1 year,3,male single,co-applicant,4,none,36,bank,free,1,management or self-employed,1,yes,yes,0
878,none,36,existing paid duly,radio tv,3595,under 100,7 plus years,4,male single,none,2,car or other,28,none,own,1,skilled,1,none,yes,0
879,negative,9,existing paid duly,car new,1422,under 100,under 1 year,3,male single,none,2,none,27,none,free,1,management or self-employed,1,yes,yes,1
880,none,30,critical account,radio tv,6742,unknown,4 to 7 years,2,male single,none,3,savings or insurance,36,none,own,2,skilled,1,none,yes,0
881,none,24,existing paid duly,car used,7814,under 100,4 to 7 years,3,male single,none,3,car or other,38,none,own,1,management or self-employed,1,yes,yes,0
882,none,24,existing paid duly,car used,9277,unknown,1 to 4 years,2,male divorced,none,4,none,48,none,free,1,skilled,1,yes,yes,0
883,0 to 200,30,critical account,car new,2181,unknown,7 plus years,4,male single,none,4,real estate,36,none,own,2,skilled,1,none,yes,0
884,none,18,critical account,radio tv,1098,under 100,unemployed,4,female divorced or married,none,4,car or other,65,none,own,2,unskilled non-resident,1,none,yes,0
885,0 to 200,24,existing paid duly,furniture,4057,under 100,4 to 7 years,3,male divorced,none,3,car or other,43,none,own,1,skilled,1,yes,yes,1
886,negative,12,existing paid duly,education,795,under 100,under 1 year,4,female divorced or married,none,4,savings or insurance,53,none,own,1,skilled,1,none,yes,1
887,0 to 200,24,critical account,business,2825,unknown,4 to 7 years,4,male single,none,3,none,34,none,own,2,skilled,2,yes,yes,0
888,0 to 200,48,existing paid duly,business,15672,under 100,1 to 4 years,2,male single,none,2,car or other,23,none,own,1,skilled,1,yes,yes,1
889,none,36,critical account,car new,6614,under 100,7 plus years,4,male single,none,4,car or other,34,none,own,2,management or self-employed,1,yes,yes,0
890,none,28,all paid at this bank,car used,7824,unknown,under 1 year,3,male single,guarantor,4,real estate,40,bank,rent,2,skilled,2,yes,yes,0
891,negative,27,critical account,business,2442,under 100,7 plus years,4,male single,none,4,car or other,43,stores,own,4,management or self-employed,2,yes,yes,0
892,none,15,critical account,radio tv,1829,under 100,7 plus years,4,male single,none,4,car or other,46,none,own,2,skilled,1,yes,yes,0
893,negative,12,critical account,car new,2171,under 100,1 to 4 years,4,male single,none,4,savings or insurance,38,bank,own,2,unskilled resident,1,none,no,0
894,0 to 200,36,critical account,car used,5800,under 100,1 to 4 years,3,male single,none,4,car or other,34,none,own,2,skilled,1,yes,yes,0
895,none,18,critical account,radio tv,1169,unknown,1 to 4 years,4,male single,none,3,savings or insurance,29,none,own,2,skilled,1,yes,yes,0
896,none,36,past delays,car used,8947,unknown,4 to 7 years,3,male single,none,2,car or other,31,stores,own,1,management or self-employed,2,yes,yes,0
897,negative,21,existing paid duly,radio tv,2606,under 100,under 1 year,4,female divorced or married,none,4,savings or insurance,28,none,rent,1,management or self-employed,1,yes,yes,0
898,none,12,critical account,furniture,1592,1000 plus,4 to 7 years,3,female divorced or married,none,2,savings or insurance,35,none,own,1,skilled,1,none,no,0
899,none,15,existing paid duly,furniture,2186,unknown,4 to 7 years,1,female divorced or married,none,4,real estate,33,bank,rent,1,unskilled resident,1,none,yes,0
900,negative,18,existing paid duly,furniture,4153,under 100,1 to 4 years,2,male single,co-applicant,3,car or other,42,none,own,1,skilled,1,none,yes,1
901,negative,16,critical account,car new,2625,under 100,7 plus years,2,male single,guarantor,4,savings or insurance,43,bank,rent,1,skilled,1,yes,yes,1
902,none,20,critical account,car new,3485,unknown,under 1 year,2,male divorced,none,4,real estate,44,none,own,2,skilled,1,yes,yes,0
903,none,36,critical account,car used,10477,unknown,7 plus years,2,male single,none,4,none,42,none,free,2,skilled,1,none,yes,0
904,none,15,existing paid duly,radio tv,1386,unknown,1 to 4 years,4,male married or widowed,none,2,real estate,40,none,rent,1,skilled,1,yes,yes,0
905,none,24,existing paid duly,radio tv,1278,under 100,7 plus years,4,male single,none,1,real estate,36,none,own,1,management or self-employed,1,yes,yes,0
906,negative,12,existing paid duly,radio tv,1107,under 100,1 to 4 years,2,male single,none,2,real estate,20,none,rent,1,management or self-employed,2,yes,yes,0
907,negative,21,existing paid duly,car new,3763,unknown,4 to 7 years,2,male single,co-applicant,2,real estate,24,none,own,1,unskilled resident,1,none,no,0
908,0 to 200,36,existing paid duly,education,3711,unknown,1 to 4 years,2,male married or widowed,none,2,car or other,27,none,own,1,skilled,1,none,yes,0
909,none,15,past delays,car used,3594,under 100,under 1 year,1,female divorced or married,none,2,savings or insurance,46,none,own,2,unskilled resident,1,none,yes,0
910,0 to 200,9,existing paid duly,car new,3195,unknown,1 to 4 years,1,female divorced or married,none,2,real estate,33,none,own,1,unskilled resident,1,none,yes,0
911,none,36,past delays,radio tv,4454,under 100,1 to 4 years,4,female divorced or married,none,4,real estate,34,none,own,2,skilled,1,none,yes,0
912,0 to 200,24,critical account,furniture,4736,under 100,under 1 year,2,female divorced or married,none,4,car or other,25,bank,own,1,unskilled resident,1,none,yes,1
913,0 to 200,30,existing paid duly,radio tv,2991,unknown,7 plus years,2,female divorced or married,none,4,car or other,25,none,own,1,skilled,1,none,yes,0
914,none,11,existing paid duly,business,2142,1000 plus,7 plus years,1,male divorced,none,2,real estate,28,none,own,1,skilled,1,yes,yes,0
915,negative,24,all paid at this bank,business,3161,under 100,1 to 4 years,4,male single,none,2,savings or insurance,31,none,rent,1,skilled,1,yes,yes,1
916,0 to 200,48,no credits taken,other,18424,under 100,1 to 4 years,1,female divorced or married,none,2,savings or insurance,32,bank,own,1,management or self-employed,1,yes,no,1
917,none,10,existing paid duly,car used,2848,100 to 500,1 to 4 years,1,male single,co-applicant,2,real estate,32,none,own,1,skilled,2,none,yes,0
918,negative,6,existing paid duly,car new,14896,under 100,7 plus years,1,male single,none,4,none,68,bank,own,1,management or self-employed,1,yes,yes,1
919,negative,24,existing paid duly,furniture,2359,100 to 500,unemployed,1,male divorced,none,1,savings or insurance,33,none,own,1,skilled,1,none,yes,1
920,negative,24,existing paid duly,furniture,3345,under 100,7 plus years,4,male single,none,2,savings or insurance,39,none,rent,1,management or self-employed,1,yes,yes,1
921,none,18,critical account,furniture,1817,under 100,1 to 4 years,4,female divorced or married,none,2,none,28,none,own,2,skilled,1,none,yes,0
922,none,48,past delays,radio tv,12749,500 to 1000,4 to 7 years,4,male single,none,1,car or other,37,none,own,1,management or self-employed,1,yes,yes,0
923,negative,9,existing paid duly,radio tv,1366,under 100,under 1 year,3,female divorced or married,none,4,savings or insurance,22,none,rent,1,skilled,1,none,yes,1
924,0 to 200,12,existing paid duly,car new,2002,under 100,4 to 7 years,3,male single,none,4,savings or insurance,30,none,rent,1,skilled,2,yes,yes,0
925,negative,24,all paid at this bank,furniture,6872,under 100,under 1 year,2,male divorced,none,1,savings or insurance,55,bank,own,1,skilled,1,yes,yes,1
926,negative,12,all paid at this bank,car new,697,under 100,under 1 year,4,male single,none,2,car or other,46,bank,own,2,skilled,1,yes,yes,1
927,negative,18,critical account,furniture,1049,under 100,under 1 year,4,female divorced or married,none,4,savings or insurance,21,none,rent,1,skilled,1,none,yes,0
928,negative,48,existing paid duly,car used,10297,under 100,4 to 7 years,4,male single,none,4,none,39,stores,free,3,skilled,2,yes,yes,1
929,none,30,existing paid duly,radio tv,1867,unknown,7 plus years,4,male single,none,4,car or other,58,none,own,1,skilled,1,yes,yes,0
930,negative,12,past delays,car new,1344,under 100,1 to 4 years,4,male single,none,2,real estate,43,none,own,2,unskilled resident,2,none,yes,0
931,negative,24,existing paid duly,furniture,1747,under 100,under 1 year,4,male single,co-applicant,1,savings or insurance,24,none,own,1,unskilled resident,1,none,no,0
932,0 to 200,9,existing paid duly,radio tv,1670,under 100,under 1 year,4,female divorced or married,none,2,car or other,22,none,own,1,skilled,1,yes,yes,1
933,none,9,critical account,car new,1224,under 100,1 to 4 years,3,male single,none,1,real estate,30,none,own,2,skilled,1,none,yes,0
934,none,12,critical account,radio tv,522,500 to 1000,7 plus years,4,male single,none,4,savings or insurance,42,none,own,2,skilled,2,yes,yes,0
935,negative,12,existing paid duly,radio tv,1498,under 100,1 to 4 years,4,female divorced or married,none,1,car or other,23,bank,own,1,skilled,1,none,yes,0
936,0 to 200,30,past delays,radio tv,1919,100 to 500,under 1 year,4,male single,none,3,none,30,stores,own,2,management or self-employed,1,none,yes,1
937,200 plus,9,existing paid duly,radio tv,745,under 100,1 to 4 years,3,female divorced or married,none,2,real estate,28,none,own,1,unskilled resident,1,none,yes,1
938,0 to 200,6,existing paid duly,radio tv,2063,under 100,under 1 year,4,male married or widowed,none,3,car or other,30,none,rent,1,management or self-employed,1,yes,yes,0
939,0 to 200,60,existing paid duly,education,6288,under 100,1 to 4 years,4,male single,none,4,none,42,none,free,1,skilled,1,none,yes,1
940,none,24,critical account,car used,6842,unknown,1 to 4 years,2,male single,none,4,savings or insurance,46,none,own,2,management or self-employed,2,yes,yes,0
941,none,12,existing paid duly,car new,3527,unknown,under 1 year,2,male single,none,3,savings or insurance,45,none,own,1,management or self-employed,2,yes,yes,0
942,none,10,existing paid duly,car new,1546,under 100,1 to 4 years,3,male single,none,2,real estate,31,none,own,1,unskilled resident,2,none,no,0
943,none,24,existing paid duly,furniture,929,unknown,4 to 7 years,4,male single,none,2,car or other,31,stores,own,1,skilled,1,yes,yes,0
944,none,4,critical account,car new,1455,under 100,4 to 7 years,2,male single,none,1,real estate,42,none,own,3,unskilled resident,2,none,yes,0
945,negative,15,existing paid duly,furniture,1845,under 100,under 1 year,4,female divorced or married,guarantor,1,savings or insurance,46,none,rent,1,skilled,1,none,yes,0
946,0 to 200,48,no credits taken,car new,8358,500 to 1000,under 1 year,1,female divorced or married,none,1,car or other,30,none,own,2,skilled,1,none,yes,0
947,negative,24,all paid at this bank,furniture,3349,500 to 1000,under 1 year,4,male single,none,4,none,30,none,free,1,skilled,2,yes,yes,1
948,none,12,existing paid duly,car new,2859,unknown,unemployed,4,male single,none,4,none,38,none,own,1,management or self-employed,1,yes,yes,0
949,none,18,existing paid duly,furniture,1533,under 100,under 1 year,4,male married or widowed,co-applicant,1,savings or insurance,43,none,own,1,unskilled resident,2,none,yes,1
950,none,24,existing paid duly,radio tv,3621,100 to 500,7 plus years,2,male single,none,4,car or other,31,none,own,2,skilled,1,none,yes,1
951,0 to 200,18,critical account,business,3590,under 100,unemployed,3,male married or widowed,none,3,car or other,40,none,own,3,unskilled non-resident,2,yes,yes,0
952,negative,36,past delays,business,2145,under 100,4 to 7 years,2,male single,none,1,car or other,24,none,own,2,skilled,1,yes,yes,1
953,0 to 200,24,existing paid duly,car used,4113,500 to 1000,under 1 year,3,female divorced or married,none,4,car or other,28,none,rent,1,skilled,1,none,yes,1
954,none,36,existing paid duly,furniture,10974,under 100,unemployed,4,female divorced or married,none,2,car or other,26,none,own,2,management or self-employed,1,yes,yes,1
955,negative,12,existing paid duly,car new,1893,under 100,1 to 4 years,4,female divorced or married,guarantor,4,savings or insurance,29,none,own,1,skilled,1,yes,yes,0
956,negative,24,critical account,radio tv,1231,1000 plus,7 plus years,4,female divorced or married,none,4,savings or insurance,57,none,rent,2,management or self-employed,1,yes,yes,0
957,200 plus,30,critical account,radio tv,3656,unknown,7 plus years,4,male single,none,4,savings or insurance,49,stores,own,2,unskilled resident,1,none,yes,0
958,0 to 200,9,critical account,radio tv,1154,under 100,7 plus years,2,male single,none,4,real estate,37,none,own,3,unskilled resident,1,none,yes,0
959,negative,28,existing paid duly,car new,4006,under 100,1 to 4 years,3,male single,none,2,car or other,45,none,own,1,unskilled resident,1,none,yes,1
960,0 to 200,24,existing paid duly,furniture,3069,100 to 500,7 plus years,4,male single,none,4,none,30,none,free,1,skilled,1,none,yes,0
961,none,6,critical account,radio tv,1740,under 100,7 plus years,2,male married or widowed,none,2,real estate,30,none,rent,2,skilled,1,none,yes,0
962,0 to 200,21,past delays,car new,2353,under 100,1 to 4 years,1,male divorced,none,4,savings or insurance,47,none,own,2,skilled,1,none,yes,0
963,none,15,existing paid duly,car new,3556,unknown,1 to 4 years,3,male single,none,2,none,29,none,own,1,skilled,1,none,yes,0
964,none,24,existing paid duly,radio tv,2397,500 to 1000,7 plus years,3,male single,none,2,car or other,35,bank,own,2,skilled,1,yes,yes,1
965,0 to 200,6,existing paid duly,repairs,454,under 100,under 1 year,3,male married or widowed,none,1,savings or insurance,22,none,own,1,unskilled resident,1,none,yes,0
966,0 to 200,30,existing paid duly,radio tv,1715,unknown,1 to 4 years,4,female divorced or married,none,1,car or other,26,none,own,1,skilled,1,none,yes,0
967,0 to 200,27,critical account,radio tv,2520,500 to 1000,1 to 4 years,4,male single,none,2,savings or insurance,23,none,own,2,unskilled resident,1,none,yes,1
968,none,15,existing paid duly,radio tv,3568,under 100,7 plus years,4,female divorced or married,none,2,car or other,54,bank,rent,1,management or self-employed,1,yes,yes,0
969,none,42,existing paid duly,radio tv,7166,unknown,4 to 7 years,2,male married or widowed,none,4,savings or insurance,29,none,rent,1,skilled,1,yes,yes,0
970,negative,11,critical account,car new,3939,under 100,1 to 4 years,1,male single,none,2,real estate,40,none,own,2,unskilled resident,2,none,yes,0
971,0 to 200,15,existing paid duly,repairs,1514,100 to 500,1 to 4 years,4,male single,guarantor,2,real estate,22,none,own,1,skilled,1,none,yes,0
972,none,24,existing paid duly,car new,7393,under 100,1 to 4 years,1,male single,none,4,savings or insurance,43,none,own,1,unskilled resident,2,none,yes,0
973,negative,24,all paid at this bank,car new,1193,under 100,unemployed,1,female divorced or married,co-applicant,4,none,29,none,rent,2,unskilled non-resident,1,none,yes,1
974,negative,60,existing paid duly,business,7297,under 100,7 plus years,4,male single,co-applicant,4,none,36,none,rent,1,skilled,1,none,yes,1
975,none,30,critical account,radio tv,2831,under 100,1 to 4 years,4,female divorced or married,none,2,car or other,33,none,own,1,skilled,1,yes,yes,0
976,200 plus,24,existing paid duly,radio tv,1258,500 to 1000,1 to 4 years,3,female divorced or married,none,3,car or other,57,none,own,1,unskilled resident,1,none,yes,0
977,0 to 200,6,existing paid duly,radio tv,753,under 100,1 to 4 years,2,female divorced or married,guarantor,3,real estate,64,none,own,1,skilled,1,none,yes,0
978,0 to 200,18,past delays,business,2427,unknown,7 plus years,4,male single,none,2,savings or insurance,42,none,own,2,skilled,1,none,yes,0
979,none,24,past delays,car new,2538,under 100,7 plus years,4,male single,none,4,car or other,47,none,own,2,unskilled resident,2,none,yes,1
980,0 to 200,15,all paid at this bank,car new,1264,100 to 500,1 to 4 years,2,male married or widowed,none,2,savings or insurance,25,none,rent,1,skilled,1,none,yes,1
981,0 to 200,30,critical account,furniture,8386,under 100,4 to 7 years,2,male single,none,2,savings or insurance,49,none,own,1,skilled,1,none,yes,1
982,none,48,existing paid duly,business,4844,under 100,unemployed,3,male single,none,2,car or other,33,bank,rent,1,management or self-employed,1,yes,yes,1
983,200 plus,21,existing paid duly,car new,2923,100 to 500,1 to 4 years,1,female divorced or married,none,1,car or other,28,bank,own,1,management or self-employed,1,yes,yes,0
984,negative,36,existing paid duly,car used,8229,under 100,1 to 4 years,2,male single,none,2,savings or insurance,26,none,own,1,skilled,2,none,yes,1
985,none,24,critical account,furniture,2028,under 100,4 to 7 years,2,male single,none,2,savings or insurance,30,none,own,2,unskilled resident,1,none,yes,0
986,negative,15,critical account,furniture,1433,under 100,1 to 4 years,4,female divorced or married,none,3,savings or insurance,25,none,rent,2,skilled,1,none,yes,0
987,200 plus,42,no credits taken,business,6289,under 100,under 1 year,2,male divorced,none,1,savings or insurance,33,none,own,2,skilled,1,none,yes,0
988,none,13,existing paid duly,radio tv,1409,100 to 500,unemployed,2,female divorced or married,none,4,real estate,64,none,own,1,skilled,1,none,yes,0
989,negative,24,existing paid duly,car used,6579,under 100,unemployed,4,male single,none,2,none,29,none,free,1,management or self-employed,1,yes,yes,0
990,0 to 200,24,critical account,radio tv,1743,under 100,7 plus years,4,male single,none,2,savings or insurance,48,none,own,2,unskilled resident,1,none,yes,0
991,none,12,critical account,education,3565,unknown,under 1 year,2,male single,none,1,savings or insurance,37,none,own,2,unskilled resident,2,none,yes,0
992,none,15,all paid at this bank,radio tv,1569,100 to 500,7 plus years,4,male single,none,4,car or other,34,bank,own,1,unskilled resident,2,none,yes,0
993,negative,18,existing paid duly,radio tv,1936,unknown,4 to 7 years,2,male married or widowed,none,4,car or other,23,none,rent,2,unskilled resident,1,none,yes,0
994,negative,36,existing paid duly,furniture,3959,under 100,unemployed,4,male single,none,3,savings or insurance,30,none,own,1,management or self-employed,1,yes,yes,0
995,none,12,existing paid duly,car new,2390,unknown,7 plus years,4,male single,none,3,car or other,50,none,own,1,skilled,1,yes,yes,0
996,none,12,existing paid duly,furniture,1736,under 100,4 to 7 years,3,female divorced or married,none,4,real estate,31,none,own,1,unskilled resident,1,none,yes,0
997,negative,30,existing paid duly,car used,3857,under 100,1 to 4 years,4,male divorced,none,4,savings or insurance,40,none,own,1,management or self-employed,1,yes,yes,0
998,none,12,existing paid duly,radio tv,804,under 100,7 plus years,4,male single,none,4,car or other,38,none,own,1,skilled,1,none,yes,0
999,negative,45,existing paid duly,radio tv,1845,under 100,1 to 4 years,4,male single,none,4,none,23,none,free,1,skilled,1,yes,yes,1
1000,0 to 200,45,critical account,car used,4576,100 to 500,unemployed,3,male single,none,4,car or other,27,none,own,1,skilled,1,none,yes,0
